#
# There is insufficient memory for the Java Runtime Environment to continue.
# Native memory allocation (malloc) failed to allocate 130576 bytes. Error detail: Chunk::new
# Possible reasons:
#   The system is out of physical RAM or swap space
#   This process is running with CompressedOops enabled, and the Java Heap may be blocking the growth of the native heap
# Possible solutions:
#   Reduce memory load on the system
#   Increase physical memory or swap space
#   Check if swap backing store is full
#   Decrease Java heap size (-Xmx/-Xms)
#   Decrease number of Java threads
#   Decrease Java thread stack sizes (-Xss)
#   Set larger code cache with -XX:ReservedCodeCacheSize=
#   JVM is running with Unscaled Compressed Oops mode in which the Java heap is
#     placed in the first 4GB address space. The Java Heap base address is the
#     maximum limit for the native heap growth. Please use -XX:HeapBaseMinAddress
#     to set the Java Heap base and to place the Java Heap above 4GB virtual address.
# This output file may be truncated or incomplete.
#
#  Out of Memory Error (arena.cpp:168), pid=1292, tid=7792
#
# JRE version: OpenJDK Runtime Environment Temurin-21.0.12.1+1 (21.0.12.1+1) (build 21.0.12.1+1-LTS)
# Java VM: OpenJDK 64-Bit Server VM Temurin-21.0.12.1+1 (21.0.12.1+1-LTS, mixed mode, sharing, tiered, compressed oops, compressed class ptrs, parallel gc, windows-amd64)
# No core dump will be written. Minidumps are not enabled by default on client versions of Windows
#

---------------  S U M M A R Y ------------

Command Line: --add-modules=ALL-SYSTEM --add-opens=java.base/java.util=ALL-UNNAMED --add-opens=java.base/java.lang=ALL-UNNAMED --add-opens=java.base/sun.nio.fs=ALL-UNNAMED -Declipse.application=org.eclipse.jdt.ls.core.id1 -Dosgi.bundles.defaultStartLevel=4 -Declipse.product=org.eclipse.jdt.ls.core.product -Djava.import.generatesMetadataFilesAtProjectRoot=false -Dm2e.project.cache.size=50 -DDetectVMInstallationsJob.disabled=true -Dfile.encoding=utf8 -XX:+UseParallelGC -XX:GCTimeRatio=4 -XX:AdaptiveSizePolicyWeight=90 -Dsun.zip.disableMemoryMapping=true -Xmx2G -Xms100m -Xlog:disable -javaagent:c:\Users\sampa\.vscode\extensions\redhat.java-1.56.0-win32-x64\lombok\lombok-1.18.39-4050.jar -XX:+HeapDumpOnOutOfMemoryError -XX:HeapDumpPath=c:\Users\sampa\AppData\Roaming\Code\User\workspaceStorage\b45dcb98c3812985cc0ef0cda4b99330\redhat.java -Daether.dependencyCollector.impl=bf c:\Users\sampa\.vscode\extensions\redhat.java-1.56.0-win32-x64\server\plugins\org.eclipse.equinox.launcher_1.8.0.v20260804-1928.jar -configuration c:\Users\sampa\AppData\Roaming\Code\User\globalStorage\redhat.java\1.56.0\config_win -data c:\Users\sampa\AppData\Roaming\Code\User\workspaceStorage\b45dcb98c3812985cc0ef0cda4b99330\redhat.java\jdt_ws --stdio

Host: Intel(R) Core(TM) i5-5300U CPU @ 2.30GHz, 4 cores, 7G,  Windows 10 , 64 bit Build 19041 (10.0.19041.5915)
Time: Thu Sep 10 22:32:59 2026 India Standard Time elapsed time: 104.914565 seconds (0d 0h 1m 44s)

---------------  T H R E A D  ---------------

Current thread (0x0000027ee1db34b0):  JavaThread "C2 CompilerThread0" daemon [_thread_in_native, id=7792, stack(0x000000ef15300000,0x000000ef15400000) (1024K)]


Current CompileTask:
C2:104914 12842       4       java.util.regex.Pattern$CharPropertyGreedy::match (160 bytes)

Stack: [0x000000ef15300000,0x000000ef15400000]
Native frames: (J=compiled Java code, j=interpreted, Vv=VM code, C=native code)
V  [jvm.dll+0x6d83e9]
V  [jvm.dll+0x8b5736]
V  [jvm.dll+0x8b7cee]
V  [jvm.dll+0x8b83d3]
V  [jvm.dll+0x284596]
V  [jvm.dll+0xc685d]
V  [jvm.dll+0xc6da1]
V  [jvm.dll+0x3bf151]
V  [jvm.dll+0x1e4149]
V  [jvm.dll+0x24c853]
V  [jvm.dll+0x24bce0]
V  [jvm.dll+0x1cb4ae]
V  [jvm.dll+0x25baad]
V  [jvm.dll+0x25a03a]
V  [jvm.dll+0x3f8aae]
V  [jvm.dll+0x8600cd]
V  [jvm.dll+0x6d6c1d]
C  [ucrtbase.dll+0x21bb2]
C  [KERNEL32.DLL+0x17374]
C  [ntdll.dll+0x4cc91]


---------------  P R O C E S S  ---------------

Threads class SMR info:
_java_thread_list=0x0000027eebd1a4c0, length=492, elements={
0x0000027ecb3bc030, 0x0000027ee1daa6f0, 0x0000027ee1dab7c0, 0x0000027ee1dac930,
0x0000027ee1dad850, 0x0000027ee1dae9f0, 0x0000027ee1db0660, 0x0000027ee1db34b0,
0x0000027ee1e25c90, 0x0000027ee2bd0340, 0x0000027ee2ce1020, 0x0000027ee736c4e0,
0x0000027ee7680590, 0x0000027ee7369860, 0x0000027ee76a33c0, 0x0000027ee7a175a0,
0x0000027ee7767020, 0x0000027ee76d3fb0, 0x0000027ee7cce710, 0x0000027ee7cd1500,
0x0000027ee7ccf430, 0x0000027ee7cce080, 0x0000027ee7ccfac0, 0x0000027ee7cceda0,
0x0000027ee7cd07e0, 0x0000027ee7cd0e70, 0x0000027ee8f8a6d0, 0x0000027ee8f87250,
0x0000027ee8f899b0, 0x0000027ee8f86530, 0x0000027ee8f85180, 0x0000027ee8f8a040,
0x0000027ee8f89320, 0x0000027ee8f8ba80, 0x0000027ee8f86bc0, 0x0000027ee8f87f70,
0x0000027ee8f8ad60, 0x0000027ee8f8b3f0, 0x0000027ee8f85ea0, 0x0000027ee8f88600,
0x0000027ee8f8c7a0, 0x0000027eeb0d80d0, 0x0000027eeb0daec0, 0x0000027eeb0dc270,
0x0000027eeb0d9480, 0x0000027eeb0da1a0, 0x0000027eeb0dcf90, 0x0000027eeb0da830,
0x0000027eeb0d9b10, 0x0000027eeb0df6f0, 0x0000027eeb0d8760, 0x0000027eeb0dbbe0,
0x0000027eeb0db550, 0x0000027eeb0dd620, 0x0000027eeb0dc900, 0x0000027eeb0de340,
0x0000027eeb0df060, 0x0000027eebdee7a0, 0x0000027eebdf0870, 0x0000027eebdefb50,
0x0000027eebdeee30, 0x0000027eebdf0f00, 0x0000027eebdee110, 0x0000027eebdf1590,
0x0000027eebdef4c0, 0x0000027eebdf2fd0, 0x0000027eebdf2940, 0x0000027eebdf4380,
0x0000027eebdf1c20, 0x0000027eebdf01e0, 0x0000027eebdf3660, 0x0000027eebded3f0,
0x0000027eebdf22b0, 0x0000027ee7cd0150, 0x0000027eebdf4a10, 0x0000027eebe1b730,
0x0000027eebe1c450, 0x0000027eebe1d800, 0x0000027eebe1bdc0, 0x0000027eebe1cae0,
0x0000027eebe1d170, 0x0000027eebe1a380, 0x0000027eebe1b0a0, 0x0000027eeb0de9d0,
0x0000027eeb7cf910, 0x0000027eeb7cf280, 0x0000027eeb7d1350, 0x0000027eeb7d19e0,
0x0000027eeb7d0630, 0x0000027eeb7d0cc0, 0x0000027eeb7d2070, 0x0000027eeb7cffa0,
0x0000027eebe1aa10, 0x0000027ee844cec0, 0x0000027ee844c1a0, 0x0000027ee844e900,
0x0000027ee844d550, 0x0000027ee844dbe0, 0x0000027ee844ef90, 0x0000027ee844e270,
0x0000027ee844bb10, 0x0000027eeb7d2700, 0x0000027ee844c830, 0x0000027ee938d960,
0x0000027ee93897c0, 0x0000027ee938dff0, 0x0000027ee9389e50, 0x0000027ee938ab70,
0x0000027ee9387d80, 0x0000027ee9388410, 0x0000027ee9387060, 0x0000027ee938e680,
0x0000027ee938b890, 0x0000027ee93876f0, 0x0000027ee938d2d0, 0x0000027ee938b200,
0x0000027ee9388aa0, 0x0000027ee9389130, 0x0000027ee938cc40, 0x0000027ee938c5b0,
0x0000027eeb5b69e0, 0x0000027eeb5b9140, 0x0000027eeb5b5cc0, 0x0000027eeb5b7700,
0x0000027eeb5b8420, 0x0000027eeb5b7070, 0x0000027ee938a4e0, 0x0000027eeb5b7d90,
0x0000027eea4557a0, 0x0000027eea457f00, 0x0000027eea451c90, 0x0000027eea457870,
0x0000027eea455110, 0x0000027eea458590, 0x0000027eea4592b0, 0x0000027eea4536d0,
0x0000027eea453d60, 0x0000027eea458c20, 0x0000027eea4571e0, 0x0000027eea4543f0,
0x0000027eea453040, 0x0000027eea452320, 0x0000027eea454a80, 0x0000027eea456b50,
0x0000027eea455e30, 0x0000027ee938bf20, 0x0000027ee2d52ab0, 0x0000027ee2d51700,
0x0000027ee2d53e60, 0x0000027ee2d4efa0, 0x0000027ee2d52420, 0x0000027ee2d54b80,
0x0000027ee2d51d90, 0x0000027ee2d558a0, 0x0000027ee2d537d0, 0x0000027ee2d544f0,
0x0000027ee2d4f630, 0x0000027ee2d4e910, 0x0000027ee2d4fcc0, 0x0000027ee2d55210,
0x0000027ee2d50350, 0x0000027ee2d509e0, 0x0000027ee2d51070, 0x0000027ee2d53140,
0x0000027eeb5b8ab0, 0x0000027ee2d55f30, 0x0000027ee7165340, 0x0000027ee71659d0,
0x0000027ee7166060, 0x0000027ee71694e0, 0x0000027ee7167aa0, 0x0000027ee716a890,
0x0000027ee716a200, 0x0000027ee7168e50, 0x0000027ee7168130, 0x0000027ee716af20,
0x0000027ee7169b70, 0x0000027ee7166d80, 0x0000027ee716b5b0, 0x0000027ee7163f90,
0x0000027ee7164cb0, 0x0000027ee71666f0, 0x0000027eea4529b0, 0x0000027eeb8dd080,
0x0000027eeb8e46a0, 0x0000027eeb8e0500, 0x0000027eeb8e0b90, 0x0000027eeb8e4010,
0x0000027eeb8e25d0, 0x0000027eeb8dd710, 0x0000027eeb8deac0, 0x0000027eeb8e53c0,
0x0000027eeb8e4d30, 0x0000027eeb8ddda0, 0x0000027eeb8e1f40, 0x0000027eeb8e2c60,
0x0000027eeb8dfe70, 0x0000027eeb8de430, 0x0000027eeb8e32f0, 0x0000027eeb8e18b0,
0x0000027eeb8df150, 0x0000027eeb8e3980, 0x0000027eeb8df7e0, 0x0000027eeb8e6e00,
0x0000027eeb8e7490, 0x0000027eeb8e7b20, 0x0000027eeb8e81b0, 0x0000027eeb8e1220,
0x0000027eeb8e9560, 0x0000027eeb8e6770, 0x0000027eeb8e8840, 0x0000027eeb8ec350,
0x0000027eeb8e9bf0, 0x0000027eeb8ea280, 0x0000027eeb8ea910, 0x0000027eeb8eafa0,
0x0000027eeb8eb630, 0x0000027eeb8ebcc0, 0x0000027ee7167410, 0x0000027ee7164620,
0x0000027ee71687c0, 0x0000027eec0130f0, 0x0000027eec0144a0, 0x0000027eec0123d0,
0x0000027eec00e8c0, 0x0000027eec012a60, 0x0000027eec013780, 0x0000027eec00ef50,
0x0000027eec010300, 0x0000027eec0116b0, 0x0000027eec014b30, 0x0000027eec00dba0,
0x0000027eec0151c0, 0x0000027eec010990, 0x0000027eec00e230, 0x0000027eec013e10,
0x0000027eec015850, 0x0000027eec015ee0, 0x0000027eec016570, 0x0000027eec00f5e0,
0x0000027eec011020, 0x0000027eec016c00, 0x0000027eec00fc70, 0x0000027eec017920,
0x0000027eec01c150, 0x0000027eec01bac0, 0x0000027eec017fb0, 0x0000027eec018640,
0x0000027eec017290, 0x0000027eec01a080, 0x0000027eec01c7e0, 0x0000027eec018cd0,
0x0000027eec01ce70, 0x0000027eec019360, 0x0000027eec0199f0, 0x0000027eec01a710,
0x0000027eec01ada0, 0x0000027eec01b430, 0x0000027eeba576f0, 0x0000027eeba57d80,
0x0000027eeba5b890, 0x0000027eeba58410, 0x0000027eeba59e50, 0x0000027eeba5a4e0,
0x0000027eeba5ab70, 0x0000027eeba58aa0, 0x0000027eeba597c0, 0x0000027eeba5bf20,
0x0000027eeba59130, 0x0000027eeba55cb0, 0x0000027eeba5b200, 0x0000027eeba55620,
0x0000027eeba5cc40, 0x0000027eeba5d2d0, 0x0000027eeba56340, 0x0000027eeba569d0,
0x0000027eeba5d960, 0x0000027eeba5dff0, 0x0000027eeba57060, 0x0000027eeba62820,
0x0000027eeba62190, 0x0000027eeba62eb0, 0x0000027eeba63540, 0x0000027eeba5f3a0,
0x0000027eeba5e680, 0x0000027eeba63bd0, 0x0000027eeba5ed10, 0x0000027eeba5fa30,
0x0000027eeba600c0, 0x0000027eeba61b00, 0x0000027eeba60750, 0x0000027eeba648f0,
0x0000027eeba64260, 0x0000027eeba61470, 0x0000027eeba60de0, 0x0000027eea4564c0,
0x0000027ee972c640, 0x0000027ee972d9f0, 0x0000027ee9729ee0, 0x0000027ee972d360,
0x0000027ee97307e0, 0x0000027ee972ccd0, 0x0000027ee972fac0, 0x0000027ee972e080,
0x0000027ee972b290, 0x0000027ee972a570, 0x0000027ee9729850, 0x0000027ee972ac00,
0x0000027ee972b920, 0x0000027ee972bfb0, 0x0000027ee972eda0, 0x0000027ee972e710,
0x0000027ee972f430, 0x0000027ee9730150, 0x0000027ee9730e70, 0x0000027ef40165b0,
0x0000027ef4013130, 0x0000027ef40137c0, 0x0000027ef4015f20, 0x0000027ef40109d0,
0x0000027ef4016c40, 0x0000027ef40144e0, 0x0000027ef4010340, 0x0000027ef400fcb0,
0x0000027ef40172d0, 0x0000027ef4017960, 0x0000027ef40116f0, 0x0000027ef4011d80,
0x0000027ef4017ff0, 0x0000027ef4011060, 0x0000027ef4013e50, 0x0000027ef4018680,
0x0000027ef4018d10, 0x0000027ef4012aa0, 0x0000027ef40193a0, 0x0000027ef4012410,
0x0000027ef401bb00, 0x0000027ef4019a30, 0x0000027ef4014b70, 0x0000027ef4015890,
0x0000027ef401a0c0, 0x0000027ef401a750, 0x0000027ef401ade0, 0x0000027ef401b470,
0x0000027ef401c190, 0x0000027ef4015200, 0x0000027ef401d540, 0x0000027ef401e260,
0x0000027ef401e8f0, 0x0000027ee97cc720, 0x0000027ee97c7ef0, 0x0000027ee97c71d0,
0x0000027ee97c8580, 0x0000027ee97c6b40, 0x0000027ee97c7860, 0x0000027ee97cb370,
0x0000027ee97c8c10, 0x0000027ee97cd440, 0x0000027ee97cace0, 0x0000027ee97c9fc0,
0x0000027ee97c64b0, 0x0000027ee97cee80, 0x0000027ee97cf510, 0x0000027ee97c92a0,
0x0000027ee97ca650, 0x0000027ee97cba00, 0x0000027ee97cc090, 0x0000027ee97c5790,
0x0000027ee97ccdb0, 0x0000027ee97c5e20, 0x0000027ee97d1c70, 0x0000027ee97ce7f0,
0x0000027ee97cfba0, 0x0000027ee97d0230, 0x0000027ee97d08c0, 0x0000027ee97c9930,
0x0000027ee97cdad0, 0x0000027ee97d15e0, 0x0000027ee97d0f50, 0x0000027ee97d2990,
0x0000027ee97ce160, 0x0000027ee97d43d0, 0x0000027ee97d36b0, 0x0000027ee97d3d40,
0x0000027ee97d4a60, 0x0000027ef401c820, 0x0000027ef401dbd0, 0x0000027ef401ef80,
0x0000027eeb8e5a50, 0x0000027ee97d2300, 0x0000027eeba5c5b0, 0x0000027ef3e61840,
0x0000027ef3e5d010, 0x0000027ef3e61ed0, 0x0000027ef3e5dd30, 0x0000027ef3e62bf0,
0x0000027ef3e60490, 0x0000027ef3e5d6a0, 0x0000027ef3e5e3c0, 0x0000027ef3e5f770,
0x0000027ef3e5f0e0, 0x0000027ef3e62560, 0x0000027ef3e63280, 0x0000027ef3e63910,
0x0000027ef3e5c980, 0x0000027ef3e63fa0, 0x0000027ef3e60b20, 0x0000027ef3e64cc0,
0x0000027ef3e65350, 0x0000027ef3e64630, 0x0000027ef3e66070, 0x0000027ef3e66d90,
0x0000027ef3e67420, 0x0000027ef3e5ea50, 0x0000027ef3e6a210, 0x0000027ef3e611b0,
0x0000027ef3e5bc60, 0x0000027ef3e6d690, 0x0000027ef3e6e3b0, 0x0000027ef3e6ea40,
0x0000027ef3e69b80, 0x0000027ef3e6a8a0, 0x0000027ef3e5c2f0, 0x0000027ef3e68140,
0x0000027ef3e6bc50, 0x0000027ef3e66700, 0x0000027ef3e6d000, 0x0000027ef3e6af30,
0x0000027ef3e6f760, 0x0000027ef3e687d0, 0x0000027ef3e6fdf0, 0x0000027ef3e67ab0,
0x0000027ef3e694f0, 0x0000027ef3e68e60, 0x0000027ef3e73900, 0x0000027ef3e74cb0,
0x0000027ef3e711a0, 0x0000027ef3e71830, 0x0000027ef3e71ec0, 0x0000027ef3e72be0,
0x0000027ef3e73270, 0x0000027ef3e78e50, 0x0000027ef3e7a890, 0x0000027ef3e794e0,
0x0000027ef3e79b70, 0x0000027ef3e76060, 0x0000027ef3e7af20, 0x0000027ef3e76d80,
0x0000027ef3e6c970, 0x0000027ef3e6c2e0, 0x0000027ef3e73f90, 0x0000027ef3e75340,
0x0000027ef3e759d0, 0x0000027ef3e77aa0, 0x0000027ef3e78130, 0x0000027ef3e72550,
0x0000027ef3e787c0, 0x0000027ef3e766f0, 0x0000027eeb8e8ed0, 0x0000027ef3e77410,
0x0000027ee97d3020, 0x0000027ef3e70480, 0x0000027ef3e74620, 0x0000027ef401ceb0,
0x0000027ee97a8560, 0x0000027ee97ab350, 0x0000027ee97ac700, 0x0000027ee97aacc0,
0x0000027ee97acd90, 0x0000027ee97a9910, 0x0000027ee97a7ed0, 0x0000027ee97a6490,
0x0000027ee97ac070, 0x0000027ee97a6b20, 0x0000027ee97a5e00, 0x0000027ee97adab0,
0x0000027ee97ad420, 0x0000027ee97a7840, 0x0000027ee97a71b0, 0x0000027ee97ae7d0,
0x0000027ee97afb80, 0x0000027ee97ab9e0, 0x0000027ee97ae140, 0x0000027ee97aee60,
0x0000027ee97af4f0, 0x0000027ee97b08a0, 0x0000027ee97b0f30, 0x0000027ee97a9fa0,
0x0000027ee97b15c0, 0x0000027ee97b0210, 0x0000027ee97a5770, 0x0000027ee97aa630
}

Java Threads: ( => current thread )
  0x0000027ecb3bc030 JavaThread "main"                              [_thread_blocked, id=6780, stack(0x000000ef14900000,0x000000ef14a00000) (1024K)]
  0x0000027ee1daa6f0 JavaThread "Reference Handler"          daemon [_thread_blocked, id=11404, stack(0x000000ef14d00000,0x000000ef14e00000) (1024K)]
  0x0000027ee1dab7c0 JavaThread "Finalizer"                  daemon [_thread_blocked, id=2404, stack(0x000000ef14e00000,0x000000ef14f00000) (1024K)]
  0x0000027ee1dac930 JavaThread "Signal Dispatcher"          daemon [_thread_blocked, id=7784, stack(0x000000ef14f00000,0x000000ef15000000) (1024K)]
  0x0000027ee1dad850 JavaThread "Attach Listener"            daemon [_thread_blocked, id=11392, stack(0x000000ef15000000,0x000000ef15100000) (1024K)]
  0x0000027ee1dae9f0 JavaThread "Service Thread"             daemon [_thread_blocked, id=11396, stack(0x000000ef15100000,0x000000ef15200000) (1024K)]
  0x0000027ee1db0660 JavaThread "Monitor Deflation Thread"   daemon [_thread_blocked, id=13108, stack(0x000000ef15200000,0x000000ef15300000) (1024K)]
=>0x0000027ee1db34b0 JavaThread "C2 CompilerThread0"         daemon [_thread_in_native, id=7792, stack(0x000000ef15300000,0x000000ef15400000) (1024K)]
  0x0000027ee1e25c90 JavaThread "C1 CompilerThread0"         daemon [_thread_blocked, id=332, stack(0x000000ef15400000,0x000000ef15500000) (1024K)]
  0x0000027ee2bd0340 JavaThread "Common-Cleaner"             daemon [_thread_blocked, id=13484, stack(0x000000ef15500000,0x000000ef15600000) (1024K)]
  0x0000027ee2ce1020 JavaThread "Notification Thread"        daemon [_thread_blocked, id=12744, stack(0x000000ef15600000,0x000000ef15700000) (1024K)]
  0x0000027ee736c4e0 JavaThread "Active Thread: Equinox Container: d62bf4c9-d0c5-47d0-8d33-e1fc9c2ec568"        [_thread_blocked, id=8572, stack(0x000000ef15700000,0x000000ef15800000) (1024K)]
  0x0000027ee7680590 JavaThread "Refresh Thread: Equinox Container: d62bf4c9-d0c5-47d0-8d33-e1fc9c2ec568" daemon [_thread_blocked, id=9672, stack(0x000000ef15b00000,0x000000ef15c00000) (1024K)]
  0x0000027ee7369860 JavaThread "Framework Event Dispatcher: Equinox Container: d62bf4c9-d0c5-47d0-8d33-e1fc9c2ec568" daemon [_thread_blocked, id=4136, stack(0x000000ef15c00000,0x000000ef15d00000) (1024K)]
  0x0000027ee76a33c0 JavaThread "Start Level: Equinox Container: d62bf4c9-d0c5-47d0-8d33-e1fc9c2ec568" daemon [_thread_blocked, id=8732, stack(0x000000ef15d00000,0x000000ef15e00000) (1024K)]
  0x0000027ee7a175a0 JavaThread "Bundle File Closer"         daemon [_thread_blocked, id=13060, stack(0x000000ef15e00000,0x000000ef15f00000) (1024K)]
  0x0000027ee7767020 JavaThread "SCR Component Actor"        daemon [_thread_blocked, id=13640, stack(0x000000ef15f00000,0x000000ef16000000) (1024K)]
  0x0000027ee76d3fb0 JavaThread "Worker-JM"                         [_thread_blocked, id=7216, stack(0x000000ef16000000,0x000000ef16100000) (1024K)]
  0x0000027ee7cce710 JavaThread "JNA Cleaner"                daemon [_thread_blocked, id=4592, stack(0x000000ef16100000,0x000000ef16200000) (1024K)]
  0x0000027ee7cd1500 JavaThread "Worker-0: Initialize workspace"        [_thread_blocked, id=4168, stack(0x000000ef16200000,0x000000ef16300000) (1024K)]
  0x0000027ee7ccf430 JavaThread "Worker-1: Initialize workspace"        [_thread_blocked, id=3208, stack(0x000000ef16300000,0x000000ef16400000) (1024K)]
  0x0000027ee7cce080 JavaThread "Worker-2: Initialize workspace"        [_thread_blocked, id=1256, stack(0x000000ef16400000,0x000000ef16500000) (1024K)]
  0x0000027ee7ccfac0 JavaThread "Worker-3: Initialize workspace"        [_thread_blocked, id=11144, stack(0x000000ef16600000,0x000000ef16700000) (1024K)]
  0x0000027ee7cceda0 JavaThread "Java indexing"              daemon [_thread_blocked, id=9704, stack(0x000000ef16700000,0x000000ef16800000) (1024K)]
  0x0000027ee7cd07e0 JavaThread "Worker-4: Initialize workspace"        [_thread_blocked, id=7780, stack(0x000000ef16a00000,0x000000ef16b00000) (1024K)]
  0x0000027ee7cd0e70 JavaThread "Worker-5: Initialize workspace"        [_thread_blocked, id=2448, stack(0x000000ef16b00000,0x000000ef16c00000) (1024K)]
  0x0000027ee8f8a6d0 JavaThread "pool-2-thread-1"                   [_thread_blocked, id=2500, stack(0x000000ef16c00000,0x000000ef16d00000) (1024K)]
  0x0000027ee8f87250 JavaThread "WorkspaceEventsHandler"            [_thread_blocked, id=13992, stack(0x000000ef16d00000,0x000000ef16e00000) (1024K)]
  0x0000027ee8f899b0 JavaThread "pool-1-thread-1"                   [_thread_blocked, id=1420, stack(0x000000ef16e00000,0x000000ef16f00000) (1024K)]
  0x0000027ee8f86530 JavaThread "PatternSearchJob-worker-1"  daemon [_thread_blocked, id=6492, stack(0x000000ef16500000,0x000000ef16600000) (1024K)]
  0x0000027ee8f85180 JavaThread "PatternSearchJob-worker-2"  daemon [_thread_blocked, id=14116, stack(0x000000ef16f00000,0x000000ef17000000) (1024K)]
  0x0000027ee8f8a040 JavaThread "PatternSearchJob-worker-3"  daemon [_thread_blocked, id=12120, stack(0x000000ef17000000,0x000000ef17100000) (1024K)]
  0x0000027ee8f89320 JavaThread "Timer-0"                           [_thread_blocked, id=2556, stack(0x000000ef17600000,0x000000ef17700000) (1024K)]
  0x0000027ee8f8ba80 JavaThread "Timer-1"                           [_thread_blocked, id=14184, stack(0x000000ef17700000,0x000000ef17800000) (1024K)]
  0x0000027ee8f86bc0 JavaThread "Timer-2"                           [_thread_blocked, id=3356, stack(0x000000ef17900000,0x000000ef17a00000) (1024K)]
  0x0000027ee8f87f70 JavaThread "Timer-3"                           [_thread_blocked, id=13072, stack(0x000000ef17200000,0x000000ef17300000) (1024K)]
  0x0000027ee8f8ad60 JavaThread "Timer-4"                           [_thread_blocked, id=7316, stack(0x000000ef17300000,0x000000ef17400000) (1024K)]
  0x0000027ee8f8b3f0 JavaThread "Worker-6: Initialize workspace"        [_thread_blocked, id=11824, stack(0x000000ef17400000,0x000000ef17500000) (1024K)]
  0x0000027ee8f85ea0 JavaThread "Timer-5"                           [_thread_blocked, id=13280, stack(0x000000ef17800000,0x000000ef17900000) (1024K)]
  0x0000027ee8f88600 JavaThread "Worker-7: Initialize workspace"        [_thread_blocked, id=13556, stack(0x000000ef17a00000,0x000000ef17b00000) (1024K)]
  0x0000027ee8f8c7a0 JavaThread "Worker-8: Initialize workspace"        [_thread_blocked, id=11256, stack(0x000000ef17100000,0x000000ef17200000) (1024K)]
  0x0000027eeb0d80d0 JavaThread "Timer-6"                           [_thread_blocked, id=13444, stack(0x000000ef17c00000,0x000000ef17d00000) (1024K)]
  0x0000027eeb0daec0 JavaThread "Worker-9: Initialize workspace"        [_thread_blocked, id=13356, stack(0x000000ef17b00000,0x000000ef17c00000) (1024K)]
  0x0000027eeb0dc270 JavaThread "Timer-7"                           [_thread_blocked, id=7620, stack(0x000000ef17e00000,0x000000ef17f00000) (1024K)]
  0x0000027eeb0d9480 JavaThread "Worker-10: Initialize workspace"        [_thread_blocked, id=6396, stack(0x000000ef17d00000,0x000000ef17e00000) (1024K)]
  0x0000027eeb0da1a0 JavaThread "Timer-8"                           [_thread_blocked, id=6912, stack(0x000000ef18000000,0x000000ef18100000) (1024K)]
  0x0000027eeb0dcf90 JavaThread "Worker-11: Initialize workspace"        [_thread_blocked, id=2620, stack(0x000000ef17f00000,0x000000ef18000000) (1024K)]
  0x0000027eeb0da830 JavaThread "Timer-9"                           [_thread_blocked, id=2716, stack(0x000000ef18200000,0x000000ef18300000) (1024K)]
  0x0000027eeb0d9b10 JavaThread "Worker-12: Initialize workspace"        [_thread_blocked, id=4600, stack(0x000000ef18100000,0x000000ef18200000) (1024K)]
  0x0000027eeb0df6f0 JavaThread "Timer-10"                          [_thread_blocked, id=13740, stack(0x000000ef18400000,0x000000ef18500000) (1024K)]
  0x0000027eeb0d8760 JavaThread "Timer-11"                          [_thread_blocked, id=10368, stack(0x000000ef18500000,0x000000ef18600000) (1024K)]
  0x0000027eeb0dbbe0 JavaThread "Worker-13: Initialize workspace"        [_thread_blocked, id=1604, stack(0x000000ef18600000,0x000000ef18700000) (1024K)]
  0x0000027eeb0db550 JavaThread "Timer-12"                          [_thread_blocked, id=11432, stack(0x000000ef18700000,0x000000ef18800000) (1024K)]
  0x0000027eeb0dd620 JavaThread "Worker-14: Initialize workspace"        [_thread_blocked, id=9520, stack(0x000000ef18800000,0x000000ef18900000) (1024K)]
  0x0000027eeb0dc900 JavaThread "Worker-15: Initialize workspace"        [_thread_blocked, id=3848, stack(0x000000ef18300000,0x000000ef18400000) (1024K)]
  0x0000027eeb0de340 JavaThread "Timer-13"                          [_thread_blocked, id=13892, stack(0x000000ef18a00000,0x000000ef18b00000) (1024K)]
  0x0000027eeb0df060 JavaThread "Timer-14"                          [_thread_blocked, id=4556, stack(0x000000ef18900000,0x000000ef18a00000) (1024K)]
  0x0000027eebdee7a0 JavaThread "Worker-16: Initialize workspace"        [_thread_blocked, id=11868, stack(0x000000ef18c00000,0x000000ef18d00000) (1024K)]
  0x0000027eebdf0870 JavaThread "Timer-15"                          [_thread_blocked, id=9700, stack(0x000000ef18b00000,0x000000ef18c00000) (1024K)]
  0x0000027eebdefb50 JavaThread "Worker-17: Initialize workspace"        [_thread_blocked, id=13940, stack(0x000000ef18d00000,0x000000ef18e00000) (1024K)]
  0x0000027eebdeee30 JavaThread "Timer-16"                          [_thread_blocked, id=7736, stack(0x000000ef17500000,0x000000ef17600000) (1024K)]
  0x0000027eebdf0f00 JavaThread "Worker-18: Initialize workspace"        [_thread_blocked, id=8740, stack(0x000000ef18f00000,0x000000ef19000000) (1024K)]
  0x0000027eebdee110 JavaThread "Worker-19: Initialize workspace"        [_thread_blocked, id=5936, stack(0x000000ef18e00000,0x000000ef18f00000) (1024K)]
  0x0000027eebdf1590 JavaThread "Timer-17"                          [_thread_blocked, id=11628, stack(0x000000ef19100000,0x000000ef19200000) (1024K)]
  0x0000027eebdef4c0 JavaThread "Worker-20: Initialize workspace"        [_thread_blocked, id=5448, stack(0x000000ef19200000,0x000000ef19300000) (1024K)]
  0x0000027eebdf2fd0 JavaThread "Timer-18"                          [_thread_blocked, id=6348, stack(0x000000ef19400000,0x000000ef19500000) (1024K)]
  0x0000027eebdf2940 JavaThread "Worker-21: Initialize workspace"        [_thread_blocked, id=4364, stack(0x000000ef19300000,0x000000ef19400000) (1024K)]
  0x0000027eebdf4380 JavaThread "Timer-19"                          [_thread_blocked, id=4076, stack(0x000000ef19600000,0x000000ef19700000) (1024K)]
  0x0000027eebdf1c20 JavaThread "Timer-20"                          [_thread_blocked, id=13260, stack(0x000000ef19700000,0x000000ef19800000) (1024K)]
  0x0000027eebdf01e0 JavaThread "Worker-22: Initialize workspace"        [_thread_blocked, id=9408, stack(0x000000ef19800000,0x000000ef19900000) (1024K)]
  0x0000027eebdf3660 JavaThread "Timer-21"                          [_thread_blocked, id=1452, stack(0x000000ef19900000,0x000000ef19a00000) (1024K)]
  0x0000027eebded3f0 JavaThread "Worker-23: Initialize workspace"        [_thread_blocked, id=5220, stack(0x000000ef19a00000,0x000000ef19b00000) (1024K)]
  0x0000027eebdf22b0 JavaThread "Timer-22"                          [_thread_blocked, id=11580, stack(0x000000ef19b00000,0x000000ef19c00000) (1024K)]
  0x0000027ee7cd0150 JavaThread "Worker-24: Initialize workspace"        [_thread_blocked, id=9388, stack(0x000000ef19000000,0x000000ef19100000) (1024K)]
  0x0000027eebdf4a10 JavaThread "Worker-25: Initialize workspace"        [_thread_blocked, id=12840, stack(0x000000ef19500000,0x000000ef19600000) (1024K)]
  0x0000027eebe1b730 JavaThread "Timer-23"                          [_thread_blocked, id=4852, stack(0x000000ef19d00000,0x000000ef19e00000) (1024K)]
  0x0000027eebe1c450 JavaThread "Timer-24"                          [_thread_blocked, id=14276, stack(0x000000ef19e00000,0x000000ef19f00000) (1024K)]
  0x0000027eebe1d800 JavaThread "Worker-26: Initialize workspace"        [_thread_blocked, id=3760, stack(0x000000ef19f00000,0x000000ef1a000000) (1024K)]
  0x0000027eebe1bdc0 JavaThread "Worker-27: Initialize workspace"        [_thread_blocked, id=1244, stack(0x000000ef19c00000,0x000000ef19d00000) (1024K)]
  0x0000027eebe1cae0 JavaThread "Timer-25"                          [_thread_blocked, id=12940, stack(0x000000ef1a200000,0x000000ef1a300000) (1024K)]
  0x0000027eebe1d170 JavaThread "Worker-28: Initialize workspace"        [_thread_blocked, id=3460, stack(0x000000ef1a000000,0x000000ef1a100000) (1024K)]
  0x0000027eebe1a380 JavaThread "Timer-26"                          [_thread_blocked, id=2548, stack(0x000000ef1a400000,0x000000ef1a500000) (1024K)]
  0x0000027eebe1b0a0 JavaThread "Worker-29: Initialize workspace"        [_thread_blocked, id=6340, stack(0x000000ef1a100000,0x000000ef1a200000) (1024K)]
  0x0000027eeb0de9d0 JavaThread "Timer-27"                          [_thread_blocked, id=4480, stack(0x000000ef1a600000,0x000000ef1a700000) (1024K)]
  0x0000027eeb7cf910 JavaThread "Timer-28"                          [_thread_blocked, id=10524, stack(0x000000ef1a500000,0x000000ef1a600000) (1024K)]
  0x0000027eeb7cf280 JavaThread "Worker-30: Initialize workspace"        [_thread_blocked, id=2708, stack(0x000000ef1a300000,0x000000ef1a400000) (1024K)]
  0x0000027eeb7d1350 JavaThread "Timer-29"                          [_thread_blocked, id=8904, stack(0x000000ef1a800000,0x000000ef1a900000) (1024K)]
  0x0000027eeb7d19e0 JavaThread "Worker-31: Initialize workspace"        [_thread_blocked, id=4424, stack(0x000000ef1a700000,0x000000ef1a800000) (1024K)]
  0x0000027eeb7d0630 JavaThread "Worker-32: Initialize workspace"        [_thread_blocked, id=3668, stack(0x000000ef1a900000,0x000000ef1aa00000) (1024K)]
  0x0000027eeb7d0cc0 JavaThread "Worker-33: Initialize workspace"        [_thread_blocked, id=9156, stack(0x000000ef1aa00000,0x000000ef1ab00000) (1024K)]
  0x0000027eeb7d2070 JavaThread "Timer-30"                          [_thread_blocked, id=12104, stack(0x000000ef1ac00000,0x000000ef1ad00000) (1024K)]
  0x0000027eeb7cffa0 JavaThread "Timer-31"                          [_thread_blocked, id=1848, stack(0x000000ef1ad00000,0x000000ef1ae00000) (1024K)]
  0x0000027eebe1aa10 JavaThread "Worker-34: Initialize workspace"        [_thread_blocked, id=4244, stack(0x000000ef1ab00000,0x000000ef1ac00000) (1024K)]
  0x0000027ee844cec0 JavaThread "Timer-32"                          [_thread_blocked, id=13792, stack(0x000000ef1af00000,0x000000ef1b000000) (1024K)]
  0x0000027ee844c1a0 JavaThread "Timer-33"                          [_thread_blocked, id=13404, stack(0x000000ef1b000000,0x000000ef1b100000) (1024K)]
  0x0000027ee844e900 JavaThread "Worker-35: Initialize workspace"        [_thread_blocked, id=5356, stack(0x000000ef1b100000,0x000000ef1b200000) (1024K)]
  0x0000027ee844d550 JavaThread "Worker-36: Initialize workspace"        [_thread_blocked, id=11876, stack(0x000000ef1ae00000,0x000000ef1af00000) (1024K)]
  0x0000027ee844dbe0 JavaThread "Timer-34"                          [_thread_blocked, id=11820, stack(0x000000ef1b300000,0x000000ef1b400000) (1024K)]
  0x0000027ee844ef90 JavaThread "Timer-35"                          [_thread_blocked, id=14164, stack(0x000000ef1b400000,0x000000ef1b500000) (1024K)]
  0x0000027ee844e270 JavaThread "Worker-37: Initialize workspace"        [_thread_blocked, id=1772, stack(0x000000ef1b500000,0x000000ef1b600000) (1024K)]
  0x0000027ee844bb10 JavaThread "Worker-38: Initialize workspace"        [_thread_blocked, id=11288, stack(0x000000ef1b200000,0x000000ef1b300000) (1024K)]
  0x0000027eeb7d2700 JavaThread "Timer-36"                          [_thread_blocked, id=6776, stack(0x000000ef1b700000,0x000000ef1b800000) (1024K)]
  0x0000027ee844c830 JavaThread "Worker-39: Initialize workspace"        [_thread_blocked, id=5488, stack(0x000000ef1b600000,0x000000ef1b700000) (1024K)]
  0x0000027ee938d960 JavaThread "Timer-37"                          [_thread_blocked, id=13676, stack(0x000000ef1b900000,0x000000ef1ba00000) (1024K)]
  0x0000027ee93897c0 JavaThread "Worker-40: Initialize workspace"        [_thread_blocked, id=4844, stack(0x000000ef1ba00000,0x000000ef1bb00000) (1024K)]
  0x0000027ee938dff0 JavaThread "Timer-38"                          [_thread_blocked, id=8552, stack(0x000000ef14800000,0x000000ef14900000) (1024K)]
  0x0000027ee9389e50 JavaThread "Worker-41: Initialize workspace"        [_thread_blocked, id=2168, stack(0x000000ef14700000,0x000000ef14800000) (1024K)]
  0x0000027ee938ab70 JavaThread "Timer-39"                          [_thread_blocked, id=6472, stack(0x000000ef1bb00000,0x000000ef1bc00000) (1024K)]
  0x0000027ee9387d80 JavaThread "Timer-40"                          [_thread_blocked, id=6856, stack(0x000000ef1bc00000,0x000000ef1bd00000) (1024K)]
  0x0000027ee9388410 JavaThread "Worker-42: Initialize workspace"        [_thread_blocked, id=13100, stack(0x000000ef1bd00000,0x000000ef1be00000) (1024K)]
  0x0000027ee9387060 JavaThread "Worker-43: Initialize workspace"        [_thread_blocked, id=3244, stack(0x000000ef1b800000,0x000000ef1b900000) (1024K)]
  0x0000027ee938e680 JavaThread "Worker-44: Initialize workspace"        [_thread_blocked, id=8760, stack(0x000000ef1be00000,0x000000ef1bf00000) (1024K)]
  0x0000027ee938b890 JavaThread "Timer-41"                          [_thread_blocked, id=1620, stack(0x000000ef1c000000,0x000000ef1c100000) (1024K)]
  0x0000027ee93876f0 JavaThread "Timer-42"                          [_thread_blocked, id=8996, stack(0x000000ef1c100000,0x000000ef1c200000) (1024K)]
  0x0000027ee938d2d0 JavaThread "Timer-43"                          [_thread_blocked, id=9340, stack(0x000000ef1c200000,0x000000ef1c300000) (1024K)]
  0x0000027ee938b200 JavaThread "Worker-45: Initialize workspace"        [_thread_blocked, id=11312, stack(0x000000ef1c300000,0x000000ef1c400000) (1024K)]
  0x0000027ee9388aa0 JavaThread "Timer-44"                          [_thread_blocked, id=7536, stack(0x000000ef1c400000,0x000000ef1c500000) (1024K)]
  0x0000027ee9389130 JavaThread "Worker-46: Initialize workspace"        [_thread_blocked, id=10916, stack(0x000000ef1bf00000,0x000000ef1c000000) (1024K)]
  0x0000027ee938cc40 JavaThread "Timer-45"                          [_thread_blocked, id=10084, stack(0x000000ef1c700000,0x000000ef1c800000) (1024K)]
  0x0000027ee938c5b0 JavaThread "Worker-49: Initialize workspace"        [_thread_blocked, id=12632, stack(0x000000ef1c800000,0x000000ef1c900000) (1024K)]
  0x0000027eeb5b69e0 JavaThread "Timer-46"                          [_thread_blocked, id=2328, stack(0x000000ef1ca00000,0x000000ef1cb00000) (1024K)]
  0x0000027eeb5b9140 JavaThread "Timer-47"                          [_thread_blocked, id=1044, stack(0x000000ef1cb00000,0x000000ef1cc00000) (1024K)]
  0x0000027eeb5b5cc0 JavaThread "Worker-50: Initialize workspace"        [_thread_blocked, id=13976, stack(0x000000ef1c900000,0x000000ef1ca00000) (1024K)]
  0x0000027eeb5b7700 JavaThread "Timer-48"                          [_thread_blocked, id=5800, stack(0x000000ef1cd00000,0x000000ef1ce00000) (1024K)]
  0x0000027eeb5b8420 JavaThread "Timer-49"                          [_thread_blocked, id=10640, stack(0x000000ef1c600000,0x000000ef1c700000) (1024K)]
  0x0000027eeb5b7070 JavaThread "Worker-54: Initialize workspace"        [_thread_blocked, id=1440, stack(0x000000ef1ce00000,0x000000ef1cf00000) (1024K)]
  0x0000027ee938a4e0 JavaThread "Timer-50"                          [_thread_blocked, id=7920, stack(0x000000ef1cf00000,0x000000ef1d000000) (1024K)]
  0x0000027eeb5b7d90 JavaThread "Worker-62: Initialize workspace"        [_thread_blocked, id=10348, stack(0x000000ef1c500000,0x000000ef1c600000) (1024K)]
  0x0000027eea4557a0 JavaThread "Timer-51"                          [_thread_blocked, id=4624, stack(0x000000ef1d200000,0x000000ef1d300000) (1024K)]
  0x0000027eea457f00 JavaThread "Worker-69: Initialize workspace"        [_thread_blocked, id=8632, stack(0x000000ef1d100000,0x000000ef1d200000) (1024K)]
  0x0000027eea451c90 JavaThread "Timer-52"                          [_thread_blocked, id=13932, stack(0x000000ef1d400000,0x000000ef1d500000) (1024K)]
  0x0000027eea457870 JavaThread "Worker-75: Initialize workspace"        [_thread_blocked, id=6512, stack(0x000000ef1cc00000,0x000000ef1cd00000) (1024K)]
  0x0000027eea455110 JavaThread "Timer-53"                          [_thread_blocked, id=6980, stack(0x000000ef1d700000,0x000000ef1d800000) (1024K)]
  0x0000027eea458590 JavaThread "Worker-80: Initialize workspace"        [_thread_blocked, id=13544, stack(0x000000ef1d300000,0x000000ef1d400000) (1024K)]
  0x0000027eea4592b0 JavaThread "Timer-54"                          [_thread_blocked, id=10512, stack(0x000000ef1d800000,0x000000ef1d900000) (1024K)]
  0x0000027eea4536d0 JavaThread "Worker-86: Initialize workspace"        [_thread_blocked, id=6324, stack(0x000000ef1d500000,0x000000ef1d600000) (1024K)]
  0x0000027eea453d60 JavaThread "Timer-55"                          [_thread_blocked, id=10376, stack(0x000000ef1d000000,0x000000ef1d100000) (1024K)]
  0x0000027eea458c20 JavaThread "Worker-94: Initialize workspace"        [_thread_blocked, id=5560, stack(0x000000ef1d900000,0x000000ef1da00000) (1024K)]
  0x0000027eea4571e0 JavaThread "Timer-56"                          [_thread_blocked, id=11368, stack(0x000000ef1db00000,0x000000ef1dc00000) (1024K)]
  0x0000027eea4543f0 JavaThread "Worker-101: Initialize workspace"        [_thread_blocked, id=14172, stack(0x000000ef1d600000,0x000000ef1d700000) (1024K)]
  0x0000027eea453040 JavaThread "Timer-57"                          [_thread_blocked, id=6624, stack(0x000000ef1da00000,0x000000ef1db00000) (1024K)]
  0x0000027eea452320 JavaThread "Worker-105: Initialize workspace"        [_thread_blocked, id=8260, stack(0x000000ef1dc00000,0x000000ef1dd00000) (1024K)]
  0x0000027eea454a80 JavaThread "Timer-58"                          [_thread_blocked, id=10572, stack(0x000000ef1de00000,0x000000ef1df00000) (1024K)]
  0x0000027eea456b50 JavaThread "Worker-111: Initialize workspace"        [_thread_blocked, id=3448, stack(0x000000ef1e000000,0x000000ef1e100000) (1024K)]
  0x0000027eea455e30 JavaThread "Timer-59"                          [_thread_blocked, id=5224, stack(0x000000ef1df00000,0x000000ef1e000000) (1024K)]
  0x0000027ee938bf20 JavaThread "Worker-117: Initialize workspace"        [_thread_blocked, id=7964, stack(0x000000ef1e200000,0x000000ef1e300000) (1024K)]
  0x0000027ee2d52ab0 JavaThread "Timer-60"                          [_thread_blocked, id=3972, stack(0x000000ef1e500000,0x000000ef1e600000) (1024K)]
  0x0000027ee2d51700 JavaThread "Worker-122: Initialize workspace"        [_thread_blocked, id=9480, stack(0x000000ef1e100000,0x000000ef1e200000) (1024K)]
  0x0000027ee2d53e60 JavaThread "Timer-61"                          [_thread_blocked, id=2136, stack(0x000000ef1e600000,0x000000ef1e700000) (1024K)]
  0x0000027ee2d4efa0 JavaThread "Worker-128: Initialize workspace"        [_thread_blocked, id=4316, stack(0x000000ef1e300000,0x000000ef1e400000) (1024K)]
  0x0000027ee2d52420 JavaThread "Timer-62"                          [_thread_blocked, id=10400, stack(0x000000ef1e800000,0x000000ef1e900000) (1024K)]
  0x0000027ee2d54b80 JavaThread "Worker-135: Initialize workspace"        [_thread_blocked, id=4456, stack(0x000000ef1e900000,0x000000ef1ea00000) (1024K)]
  0x0000027ee2d51d90 JavaThread "Timer-63"                          [_thread_blocked, id=5144, stack(0x000000ef1dd00000,0x000000ef1de00000) (1024K)]
  0x0000027ee2d558a0 JavaThread "Worker-142: Initialize workspace"        [_thread_blocked, id=2216, stack(0x000000ef1e700000,0x000000ef1e800000) (1024K)]
  0x0000027ee2d537d0 JavaThread "Timer-64"                          [_thread_blocked, id=5508, stack(0x000000ef1eb00000,0x000000ef1ec00000) (1024K)]
  0x0000027ee2d544f0 JavaThread "Worker-154: Initialize workspace"        [_thread_blocked, id=13928, stack(0x000000ef1e400000,0x000000ef1e500000) (1024K)]
  0x0000027ee2d4f630 JavaThread "Worker-156: Initialize workspace"        [_thread_blocked, id=6356, stack(0x000000ef1ea00000,0x000000ef1eb00000) (1024K)]
  0x0000027ee2d4e910 JavaThread "Timer-65"                          [_thread_blocked, id=13332, stack(0x000000ef1ee00000,0x000000ef1ef00000) (1024K)]
  0x0000027ee2d4fcc0 JavaThread "Timer-66"                          [_thread_blocked, id=11356, stack(0x000000ef1f100000,0x000000ef1f200000) (1024K)]
  0x0000027ee2d55210 JavaThread "Worker-167: Initialize workspace"        [_thread_blocked, id=10092, stack(0x000000ef1ec00000,0x000000ef1ed00000) (1024K)]
  0x0000027ee2d50350 JavaThread "Timer-67"                          [_thread_blocked, id=11476, stack(0x000000ef1f000000,0x000000ef1f100000) (1024K)]
  0x0000027ee2d509e0 JavaThread "Worker-173: Initialize workspace"        [_thread_blocked, id=12992, stack(0x000000ef1f200000,0x000000ef1f300000) (1024K)]
  0x0000027ee2d51070 JavaThread "Worker-178: Initialize workspace"        [_thread_blocked, id=2064, stack(0x000000ef1ed00000,0x000000ef1ee00000) (1024K)]
  0x0000027ee2d53140 JavaThread "Timer-68"                          [_thread_blocked, id=5548, stack(0x000000ef1ef00000,0x000000ef1f000000) (1024K)]
  0x0000027eeb5b8ab0 JavaThread "Timer-69"                          [_thread_blocked, id=2524, stack(0x000000ef1f500000,0x000000ef1f600000) (1024K)]
  0x0000027ee2d55f30 JavaThread "Worker-188: Initialize workspace"        [_thread_blocked, id=10668, stack(0x000000ef1f600000,0x000000ef1f700000) (1024K)]
  0x0000027ee7165340 JavaThread "Timer-70"                          [_thread_blocked, id=9300, stack(0x000000ef1f900000,0x000000ef1fa00000) (1024K)]
  0x0000027ee71659d0 JavaThread "Worker-192: Initialize workspace"        [_thread_blocked, id=14020, stack(0x000000ef1f400000,0x000000ef1f500000) (1024K)]
  0x0000027ee7166060 JavaThread "Timer-71"                          [_thread_blocked, id=10856, stack(0x000000ef1f800000,0x000000ef1f900000) (1024K)]
  0x0000027ee71694e0 JavaThread "Worker-199: Initialize workspace"        [_thread_blocked, id=13156, stack(0x000000ef1fb00000,0x000000ef1fc00000) (1024K)]
  0x0000027ee7167aa0 JavaThread "Timer-72"                          [_thread_blocked, id=13732, stack(0x000000ef1fe00000,0x000000ef1ff00000) (1024K)]
  0x0000027ee716a890 JavaThread "Worker-207: Initialize workspace"        [_thread_blocked, id=13848, stack(0x000000ef1f700000,0x000000ef1f800000) (1024K)]
  0x0000027ee716a200 JavaThread "Timer-73"                          [_thread_blocked, id=7064, stack(0x000000ef1ff00000,0x000000ef20000000) (1024K)]
  0x0000027ee7168e50 JavaThread "Worker-212: Initialize workspace"        [_thread_blocked, id=5756, stack(0x000000ef1fd00000,0x000000ef1fe00000) (1024K)]
  0x0000027ee7168130 JavaThread "Timer-74"                          [_thread_blocked, id=3692, stack(0x000000ef1fc00000,0x000000ef1fd00000) (1024K)]
  0x0000027ee716af20 JavaThread "Worker-218: Initialize workspace"        [_thread_blocked, id=4360, stack(0x000000ef20100000,0x000000ef20200000) (1024K)]
  0x0000027ee7169b70 JavaThread "Timer-75"                          [_thread_blocked, id=5252, stack(0x000000ef20000000,0x000000ef20100000) (1024K)]
  0x0000027ee7166d80 JavaThread "Worker-230: Initialize workspace"        [_thread_blocked, id=5400, stack(0x000000ef20200000,0x000000ef20300000) (1024K)]
  0x0000027ee716b5b0 JavaThread "Timer-76"                          [_thread_blocked, id=12108, stack(0x000000ef20500000,0x000000ef20600000) (1024K)]
  0x0000027ee7163f90 JavaThread "Worker-237: Initialize workspace"        [_thread_blocked, id=13864, stack(0x000000ef20300000,0x000000ef20400000) (1024K)]
  0x0000027ee7164cb0 JavaThread "Timer-77"                          [_thread_blocked, id=4924, stack(0x000000ef20700000,0x000000ef20800000) (1024K)]
  0x0000027ee71666f0 JavaThread "Worker-241: Initialize workspace"        [_thread_blocked, id=6784, stack(0x000000ef20400000,0x000000ef20500000) (1024K)]
  0x0000027eea4529b0 JavaThread "Timer-78"                          [_thread_blocked, id=2664, stack(0x000000ef20900000,0x000000ef20a00000) (1024K)]
  0x0000027eeb8dd080 JavaThread "Worker-249: Initialize workspace"        [_thread_blocked, id=13936, stack(0x000000ef20a00000,0x000000ef20b00000) (1024K)]
  0x0000027eeb8e46a0 JavaThread "Timer-79"                          [_thread_blocked, id=4460, stack(0x000000ef20600000,0x000000ef20700000) (1024K)]
  0x0000027eeb8e0500 JavaThread "Worker-258: Initialize workspace"        [_thread_blocked, id=13588, stack(0x000000ef20800000,0x000000ef20900000) (1024K)]
  0x0000027eeb8e0b90 JavaThread "Timer-80"                          [_thread_blocked, id=8620, stack(0x000000ef20d00000,0x000000ef20e00000) (1024K)]
  0x0000027eeb8e4010 JavaThread "Worker-263: Initialize workspace"        [_thread_blocked, id=13276, stack(0x000000ef20b00000,0x000000ef20c00000) (1024K)]
  0x0000027eeb8e25d0 JavaThread "Timer-81"                          [_thread_blocked, id=2644, stack(0x000000ef20f00000,0x000000ef21000000) (1024K)]
  0x0000027eeb8dd710 JavaThread "Worker-267: Initialize workspace"        [_thread_blocked, id=2888, stack(0x000000ef21000000,0x000000ef21100000) (1024K)]
  0x0000027eeb8deac0 JavaThread "Timer-82"                          [_thread_blocked, id=6816, stack(0x000000ef21100000,0x000000ef21200000) (1024K)]
  0x0000027eeb8e53c0 JavaThread "Worker-273: Initialize workspace"        [_thread_blocked, id=3696, stack(0x000000ef20c00000,0x000000ef20d00000) (1024K)]
  0x0000027eeb8e4d30 JavaThread "Timer-83"                          [_thread_blocked, id=11420, stack(0x000000ef21300000,0x000000ef21400000) (1024K)]
  0x0000027eeb8ddda0 JavaThread "Connection worker"                 [_thread_blocked, id=8624, stack(0x000000ef20e00000,0x000000ef20f00000) (1024K)]
  0x0000027eeb8e1f40 JavaThread "Connection worker"                 [_thread_blocked, id=5564, stack(0x000000ef21500000,0x000000ef21600000) (1024K)]
  0x0000027eeb8e2c60 JavaThread "Worker-280: Initialize workspace"        [_thread_blocked, id=5780, stack(0x000000ef21400000,0x000000ef21500000) (1024K)]
  0x0000027eeb8dfe70 JavaThread "Connection worker"                 [_thread_blocked, id=13728, stack(0x000000ef21600000,0x000000ef21700000) (1024K)]
  0x0000027eeb8de430 JavaThread "Connection worker"                 [_thread_blocked, id=11196, stack(0x000000ef1fa00000,0x000000ef1fb00000) (1024K)]
  0x0000027eeb8e32f0 JavaThread "Connection worker"                 [_thread_blocked, id=9508, stack(0x000000ef21700000,0x000000ef21800000) (1024K)]
  0x0000027eeb8e18b0 JavaThread "Connection worker"                 [_thread_blocked, id=13804, stack(0x000000ef21800000,0x000000ef21900000) (1024K)]
  0x0000027eeb8df150 JavaThread "Connection worker"                 [_thread_blocked, id=11636, stack(0x000000ef21b00000,0x000000ef21c00000) (1024K)]
  0x0000027eeb8e3980 JavaThread "Connection worker"                 [_thread_blocked, id=12504, stack(0x000000ef21c00000,0x000000ef21d00000) (1024K)]
  0x0000027eeb8df7e0 JavaThread "Connection worker"                 [_thread_blocked, id=11768, stack(0x000000ef21d00000,0x000000ef21e00000) (1024K)]
  0x0000027eeb8e6e00 JavaThread "Connection worker"                 [_thread_blocked, id=9728, stack(0x000000ef21e00000,0x000000ef21f00000) (1024K)]
  0x0000027eeb8e7490 JavaThread "Connection worker"                 [_thread_blocked, id=13400, stack(0x000000ef21f00000,0x000000ef22000000) (1024K)]
  0x0000027eeb8e7b20 JavaThread "Connection worker"                 [_thread_blocked, id=13428, stack(0x000000ef21200000,0x000000ef21300000) (1024K)]
  0x0000027eeb8e81b0 JavaThread "Connection worker"                 [_thread_blocked, id=13852, stack(0x000000ef22000000,0x000000ef22100000) (1024K)]
  0x0000027eeb8e1220 JavaThread "Connection worker"                 [_thread_blocked, id=1484, stack(0x000000ef22100000,0x000000ef22200000) (1024K)]
  0x0000027eeb8e9560 JavaThread "Connection worker"                 [_thread_blocked, id=12340, stack(0x000000ef22400000,0x000000ef22500000) (1024K)]
  0x0000027eeb8e6770 JavaThread "Connection worker"                 [_thread_blocked, id=9680, stack(0x000000ef22500000,0x000000ef22600000) (1024K)]
  0x0000027eeb8e8840 JavaThread "Connection worker"                 [_thread_blocked, id=664, stack(0x000000ef22600000,0x000000ef22700000) (1024K)]
  0x0000027eeb8ec350 JavaThread "Connection worker"                 [_thread_blocked, id=8164, stack(0x000000ef22700000,0x000000ef22800000) (1024K)]
  0x0000027eeb8e9bf0 JavaThread "Connection worker"                 [_thread_blocked, id=1276, stack(0x000000ef22800000,0x000000ef22900000) (1024K)]
  0x0000027eeb8ea280 JavaThread "Connection worker"                 [_thread_blocked, id=1460, stack(0x000000ef22900000,0x000000ef22a00000) (1024K)]
  0x0000027eeb8ea910 JavaThread "Connection worker"                 [_thread_blocked, id=1436, stack(0x000000ef22a00000,0x000000ef22b00000) (1024K)]
  0x0000027eeb8eafa0 JavaThread "Connection worker"                 [_thread_blocked, id=3320, stack(0x000000ef22b00000,0x000000ef22c00000) (1024K)]
  0x0000027eeb8eb630 JavaThread "Connection worker"                 [_thread_blocked, id=8676, stack(0x000000ef22c00000,0x000000ef22d00000) (1024K)]
  0x0000027eeb8ebcc0 JavaThread "Connection worker"                 [_thread_blocked, id=1668, stack(0x000000ef22d00000,0x000000ef22e00000) (1024K)]
  0x0000027ee7167410 JavaThread "Connection worker"                 [_thread_blocked, id=13592, stack(0x000000ef22e00000,0x000000ef22f00000) (1024K)]
  0x0000027ee7164620 JavaThread "Connection worker"                 [_thread_blocked, id=12464, stack(0x000000ef22f00000,0x000000ef23000000) (1024K)]
  0x0000027ee71687c0 JavaThread "Connection worker"                 [_thread_blocked, id=2344, stack(0x000000ef23000000,0x000000ef23100000) (1024K)]
  0x0000027eec0130f0 JavaThread "Connection worker"                 [_thread_blocked, id=14240, stack(0x000000ef23100000,0x000000ef23200000) (1024K)]
  0x0000027eec0144a0 JavaThread "Connection worker"                 [_thread_blocked, id=7744, stack(0x000000ef23200000,0x000000ef23300000) (1024K)]
  0x0000027eec0123d0 JavaThread "Connection worker"                 [_thread_blocked, id=10088, stack(0x000000ef23300000,0x000000ef23400000) (1024K)]
  0x0000027eec00e8c0 JavaThread "Connection worker"                 [_thread_blocked, id=9752, stack(0x000000ef23400000,0x000000ef23500000) (1024K)]
  0x0000027eec012a60 JavaThread "Connection worker"                 [_thread_blocked, id=14340, stack(0x000000ef23500000,0x000000ef23600000) (1024K)]
  0x0000027eec013780 JavaThread "Connection worker"                 [_thread_blocked, id=14344, stack(0x000000ef23600000,0x000000ef23700000) (1024K)]
  0x0000027eec00ef50 JavaThread "Connection worker"                 [_thread_blocked, id=14348, stack(0x000000ef23700000,0x000000ef23800000) (1024K)]
  0x0000027eec010300 JavaThread "Connection worker"                 [_thread_blocked, id=14356, stack(0x000000ef23900000,0x000000ef23a00000) (1024K)]
  0x0000027eec0116b0 JavaThread "Connection worker"                 [_thread_blocked, id=14360, stack(0x000000ef23a00000,0x000000ef23b00000) (1024K)]
  0x0000027eec014b30 JavaThread "Connection worker"                 [_thread_blocked, id=14364, stack(0x000000ef23b00000,0x000000ef23c00000) (1024K)]
  0x0000027eec00dba0 JavaThread "Connection worker"                 [_thread_blocked, id=14368, stack(0x000000ef23c00000,0x000000ef23d00000) (1024K)]
  0x0000027eec0151c0 JavaThread "Connection worker"                 [_thread_blocked, id=14372, stack(0x000000ef23d00000,0x000000ef23e00000) (1024K)]
  0x0000027eec010990 JavaThread "Connection worker"                 [_thread_blocked, id=14376, stack(0x000000ef23e00000,0x000000ef23f00000) (1024K)]
  0x0000027eec00e230 JavaThread "Connection worker"                 [_thread_blocked, id=14380, stack(0x000000ef23f00000,0x000000ef24000000) (1024K)]
  0x0000027eec013e10 JavaThread "Connection worker"                 [_thread_blocked, id=14384, stack(0x000000ef24000000,0x000000ef24100000) (1024K)]
  0x0000027eec015850 JavaThread "Connection worker"                 [_thread_blocked, id=14388, stack(0x000000ef24100000,0x000000ef24200000) (1024K)]
  0x0000027eec015ee0 JavaThread "Connection worker"                 [_thread_blocked, id=14392, stack(0x000000ef24200000,0x000000ef24300000) (1024K)]
  0x0000027eec016570 JavaThread "Connection worker"                 [_thread_blocked, id=14396, stack(0x000000ef24300000,0x000000ef24400000) (1024K)]
  0x0000027eec00f5e0 JavaThread "Connection worker"                 [_thread_blocked, id=14400, stack(0x000000ef24400000,0x000000ef24500000) (1024K)]
  0x0000027eec011020 JavaThread "Connection worker"                 [_thread_blocked, id=14404, stack(0x000000ef24500000,0x000000ef24600000) (1024K)]
  0x0000027eec016c00 JavaThread "Connection worker"                 [_thread_blocked, id=14408, stack(0x000000ef24800000,0x000000ef24900000) (1024K)]
  0x0000027eec00fc70 JavaThread "Connection worker"                 [_thread_blocked, id=14412, stack(0x000000ef24900000,0x000000ef24a00000) (1024K)]
  0x0000027eec017920 JavaThread "Connection worker"                 [_thread_blocked, id=14416, stack(0x000000ef24a00000,0x000000ef24b00000) (1024K)]
  0x0000027eec01c150 JavaThread "Connection worker"                 [_thread_blocked, id=14420, stack(0x000000ef24b00000,0x000000ef24c00000) (1024K)]
  0x0000027eec01bac0 JavaThread "Connection worker"                 [_thread_blocked, id=14424, stack(0x000000ef24c00000,0x000000ef24d00000) (1024K)]
  0x0000027eec017fb0 JavaThread "Connection worker"                 [_thread_blocked, id=14428, stack(0x000000ef24d00000,0x000000ef24e00000) (1024K)]
  0x0000027eec018640 JavaThread "Connection worker"                 [_thread_in_native, id=14432, stack(0x000000ef24e00000,0x000000ef24f00000) (1024K)]
  0x0000027eec017290 JavaThread "Connection worker"                 [_thread_blocked, id=14436, stack(0x000000ef24f00000,0x000000ef25000000) (1024K)]
  0x0000027eec01a080 JavaThread "Connection worker"                 [_thread_blocked, id=14440, stack(0x000000ef25000000,0x000000ef25100000) (1024K)]
  0x0000027eec01c7e0 JavaThread "Connection worker"                 [_thread_blocked, id=14444, stack(0x000000ef25100000,0x000000ef25200000) (1024K)]
  0x0000027eec018cd0 JavaThread "Connection worker"                 [_thread_blocked, id=14448, stack(0x000000ef25200000,0x000000ef25300000) (1024K)]
  0x0000027eec01ce70 JavaThread "Connection worker"                 [_thread_blocked, id=14452, stack(0x000000ef25300000,0x000000ef25400000) (1024K)]
  0x0000027eec019360 JavaThread "Connection worker"                 [_thread_blocked, id=14456, stack(0x000000ef25400000,0x000000ef25500000) (1024K)]
  0x0000027eec0199f0 JavaThread "Connection worker"                 [_thread_blocked, id=14460, stack(0x000000ef25500000,0x000000ef25600000) (1024K)]
  0x0000027eec01a710 JavaThread "Connection worker"                 [_thread_blocked, id=14464, stack(0x000000ef25600000,0x000000ef25700000) (1024K)]
  0x0000027eec01ada0 JavaThread "Connection worker"                 [_thread_blocked, id=14468, stack(0x000000ef25700000,0x000000ef25800000) (1024K)]
  0x0000027eec01b430 JavaThread "Connection worker"                 [_thread_blocked, id=14472, stack(0x000000ef25800000,0x000000ef25900000) (1024K)]
  0x0000027eeba576f0 JavaThread "Connection worker"                 [_thread_blocked, id=14476, stack(0x000000ef25900000,0x000000ef25a00000) (1024K)]
  0x0000027eeba57d80 JavaThread "Timer-84"                          [_thread_blocked, id=14480, stack(0x000000ef25a00000,0x000000ef25b00000) (1024K)]
  0x0000027eeba5b890 JavaThread "Connection worker"                 [_thread_blocked, id=14484, stack(0x000000ef25b00000,0x000000ef25c00000) (1024K)]
  0x0000027eeba58410 JavaThread "Connection worker"                 [_thread_blocked, id=14488, stack(0x000000ef25c00000,0x000000ef25d00000) (1024K)]
  0x0000027eeba59e50 JavaThread "Connection worker"                 [_thread_blocked, id=14496, stack(0x000000ef25e00000,0x000000ef25f00000) (1024K)]
  0x0000027eeba5a4e0 JavaThread "Connection worker"                 [_thread_blocked, id=14500, stack(0x000000ef25f00000,0x000000ef26000000) (1024K)]
  0x0000027eeba5ab70 JavaThread "Connection worker"                 [_thread_blocked, id=14520, stack(0x000000ef26000000,0x000000ef26100000) (1024K)]
  0x0000027eeba58aa0 JavaThread "Connection worker"                 [_thread_blocked, id=14528, stack(0x000000ef22200000,0x000000ef22300000) (1024K)]
  0x0000027eeba597c0 JavaThread "Connection worker"                 [_thread_blocked, id=14532, stack(0x000000ef26100000,0x000000ef26200000) (1024K)]
  0x0000027eeba5bf20 JavaThread "Connection worker"                 [_thread_blocked, id=14536, stack(0x000000ef26200000,0x000000ef26300000) (1024K)]
  0x0000027eeba59130 JavaThread "Connection worker"                 [_thread_blocked, id=14540, stack(0x000000ef26300000,0x000000ef26400000) (1024K)]
  0x0000027eeba55cb0 JavaThread "Connection worker"                 [_thread_blocked, id=14544, stack(0x000000ef26400000,0x000000ef26500000) (1024K)]
  0x0000027eeba5b200 JavaThread "Connection worker"                 [_thread_blocked, id=14548, stack(0x000000ef26500000,0x000000ef26600000) (1024K)]
  0x0000027eeba55620 JavaThread "Connection worker"                 [_thread_blocked, id=14552, stack(0x000000ef26600000,0x000000ef26700000) (1024K)]
  0x0000027eeba5cc40 JavaThread "Connection worker"                 [_thread_blocked, id=14556, stack(0x000000ef26700000,0x000000ef26800000) (1024K)]
  0x0000027eeba5d2d0 JavaThread "Connection worker"                 [_thread_blocked, id=14560, stack(0x000000ef26800000,0x000000ef26900000) (1024K)]
  0x0000027eeba56340 JavaThread "Connection worker"                 [_thread_blocked, id=14564, stack(0x000000ef1f300000,0x000000ef1f400000) (1024K)]
  0x0000027eeba569d0 JavaThread "pool-3-thread-1"                   [_thread_blocked, id=14588, stack(0x000000ef26a00000,0x000000ef26b00000) (1024K)]
  0x0000027eeba5d960 JavaThread "pool-5-thread-1"                   [_thread_blocked, id=14592, stack(0x000000ef26b00000,0x000000ef26c00000) (1024K)]
  0x0000027eeba5dff0 JavaThread "pool-6-thread-1"                   [_thread_blocked, id=14596, stack(0x000000ef26c00000,0x000000ef26d00000) (1024K)]
  0x0000027eeba57060 JavaThread "pool-7-thread-1"                   [_thread_blocked, id=14600, stack(0x000000ef26d00000,0x000000ef26e00000) (1024K)]
  0x0000027eeba62820 JavaThread "pool-8-thread-1"                   [_thread_blocked, id=14604, stack(0x000000ef26e00000,0x000000ef26f00000) (1024K)]
  0x0000027eeba62190 JavaThread "pool-9-thread-1"                   [_thread_blocked, id=14608, stack(0x000000ef26f00000,0x000000ef27000000) (1024K)]
  0x0000027eeba62eb0 JavaThread "pool-10-thread-1"                  [_thread_blocked, id=14612, stack(0x000000ef27000000,0x000000ef27100000) (1024K)]
  0x0000027eeba63540 JavaThread "pool-11-thread-1"                  [_thread_blocked, id=14616, stack(0x000000ef27100000,0x000000ef27200000) (1024K)]
  0x0000027eeba5f3a0 JavaThread "pool-12-thread-1"                  [_thread_blocked, id=14620, stack(0x000000ef27200000,0x000000ef27300000) (1024K)]
  0x0000027eeba5e680 JavaThread "pool-4-thread-1"                   [_thread_blocked, id=14624, stack(0x000000ef27300000,0x000000ef27400000) (1024K)]
  0x0000027eeba63bd0 JavaThread "pool-13-thread-1"                  [_thread_blocked, id=14628, stack(0x000000ef27400000,0x000000ef27500000) (1024K)]
  0x0000027eeba5ed10 JavaThread "pool-20-thread-1"                  [_thread_blocked, id=14632, stack(0x000000ef27500000,0x000000ef27600000) (1024K)]
  0x0000027eeba5fa30 JavaThread "pool-29-thread-1"                  [_thread_blocked, id=14636, stack(0x000000ef27600000,0x000000ef27700000) (1024K)]
  0x0000027eeba600c0 JavaThread "pool-40-thread-1"                  [_thread_blocked, id=14640, stack(0x000000ef27700000,0x000000ef27800000) (1024K)]
  0x0000027eeba61b00 JavaThread "pool-47-thread-1"                  [_thread_blocked, id=14644, stack(0x000000ef27800000,0x000000ef27900000) (1024K)]
  0x0000027eeba60750 JavaThread "pool-51-thread-1"                  [_thread_blocked, id=14648, stack(0x000000ef27900000,0x000000ef27a00000) (1024K)]
  0x0000027eeba648f0 JavaThread "pool-21-thread-1"                  [_thread_blocked, id=14652, stack(0x000000ef27a00000,0x000000ef27b00000) (1024K)]
  0x0000027eeba64260 JavaThread "pool-22-thread-1"                  [_thread_blocked, id=14656, stack(0x000000ef27b00000,0x000000ef27c00000) (1024K)]
  0x0000027eeba61470 JavaThread "pool-25-thread-1"                  [_thread_blocked, id=14660, stack(0x000000ef27c00000,0x000000ef27d00000) (1024K)]
  0x0000027eeba60de0 JavaThread "pool-19-thread-1"                  [_thread_blocked, id=14664, stack(0x000000ef27d00000,0x000000ef27e00000) (1024K)]
  0x0000027eea4564c0 JavaThread "pool-18-thread-1"                  [_thread_blocked, id=14668, stack(0x000000ef27e00000,0x000000ef27f00000) (1024K)]
  0x0000027ee972c640 JavaThread "pool-17-thread-1"                  [_thread_blocked, id=14672, stack(0x000000ef27f00000,0x000000ef28000000) (1024K)]
  0x0000027ee972d9f0 JavaThread "pool-16-thread-1"                  [_thread_blocked, id=14676, stack(0x000000ef28000000,0x000000ef28100000) (1024K)]
  0x0000027ee9729ee0 JavaThread "pool-15-thread-1"                  [_thread_blocked, id=14680, stack(0x000000ef28100000,0x000000ef28200000) (1024K)]
  0x0000027ee972d360 JavaThread "pool-26-thread-1"                  [_thread_blocked, id=14684, stack(0x000000ef28200000,0x000000ef28300000) (1024K)]
  0x0000027ee97307e0 JavaThread "pool-27-thread-1"                  [_thread_blocked, id=14688, stack(0x000000ef28300000,0x000000ef28400000) (1024K)]
  0x0000027ee972ccd0 JavaThread "pool-28-thread-1"                  [_thread_blocked, id=14692, stack(0x000000ef28400000,0x000000ef28500000) (1024K)]
  0x0000027ee972fac0 JavaThread "pool-30-thread-1"                  [_thread_blocked, id=14696, stack(0x000000ef28500000,0x000000ef28600000) (1024K)]
  0x0000027ee972e080 JavaThread "pool-31-thread-1"                  [_thread_blocked, id=14700, stack(0x000000ef28600000,0x000000ef28700000) (1024K)]
  0x0000027ee972b290 JavaThread "pool-24-thread-1"                  [_thread_blocked, id=14704, stack(0x000000ef28700000,0x000000ef28800000) (1024K)]
  0x0000027ee972a570 JavaThread "pool-32-thread-1"                  [_thread_blocked, id=14708, stack(0x000000ef28800000,0x000000ef28900000) (1024K)]
  0x0000027ee9729850 JavaThread "pool-33-thread-1"                  [_thread_blocked, id=14712, stack(0x000000ef28900000,0x000000ef28a00000) (1024K)]
  0x0000027ee972ac00 JavaThread "pool-34-thread-1"                  [_thread_blocked, id=14716, stack(0x000000ef28a00000,0x000000ef28b00000) (1024K)]
  0x0000027ee972b920 JavaThread "pool-35-thread-1"                  [_thread_blocked, id=14720, stack(0x000000ef28b00000,0x000000ef28c00000) (1024K)]
  0x0000027ee972bfb0 JavaThread "pool-36-thread-1"                  [_thread_blocked, id=14724, stack(0x000000ef28c00000,0x000000ef28d00000) (1024K)]
  0x0000027ee972eda0 JavaThread "pool-37-thread-1"                  [_thread_blocked, id=14728, stack(0x000000ef28d00000,0x000000ef28e00000) (1024K)]
  0x0000027ee972e710 JavaThread "pool-38-thread-1"                  [_thread_blocked, id=14732, stack(0x000000ef28e00000,0x000000ef28f00000) (1024K)]
  0x0000027ee972f430 JavaThread "pool-39-thread-1"                  [_thread_blocked, id=14736, stack(0x000000ef28f00000,0x000000ef29000000) (1024K)]
  0x0000027ee9730150 JavaThread "pool-23-thread-1"                  [_thread_blocked, id=14740, stack(0x000000ef29000000,0x000000ef29100000) (1024K)]
  0x0000027ee9730e70 JavaThread "pool-41-thread-1"                  [_thread_blocked, id=14744, stack(0x000000ef29100000,0x000000ef29200000) (1024K)]
  0x0000027ef40165b0 JavaThread "pool-42-thread-1"                  [_thread_blocked, id=14748, stack(0x000000ef29200000,0x000000ef29300000) (1024K)]
  0x0000027ef4013130 JavaThread "pool-43-thread-1"                  [_thread_blocked, id=14752, stack(0x000000ef29300000,0x000000ef29400000) (1024K)]
  0x0000027ef40137c0 JavaThread "pool-44-thread-1"                  [_thread_blocked, id=14756, stack(0x000000ef29400000,0x000000ef29500000) (1024K)]
  0x0000027ef4015f20 JavaThread "pool-45-thread-1"                  [_thread_blocked, id=14760, stack(0x000000ef29500000,0x000000ef29600000) (1024K)]
  0x0000027ef40109d0 JavaThread "pool-46-thread-1"                  [_thread_blocked, id=14764, stack(0x000000ef29600000,0x000000ef29700000) (1024K)]
  0x0000027ef4016c40 JavaThread "pool-14-thread-1"                  [_thread_blocked, id=14768, stack(0x000000ef29700000,0x000000ef29800000) (1024K)]
  0x0000027ef40144e0 JavaThread "pool-48-thread-1"                  [_thread_blocked, id=14772, stack(0x000000ef29800000,0x000000ef29900000) (1024K)]
  0x0000027ef4010340 JavaThread "pool-49-thread-1"                  [_thread_blocked, id=14776, stack(0x000000ef29900000,0x000000ef29a00000) (1024K)]
  0x0000027ef400fcb0 JavaThread "pool-50-thread-1"                  [_thread_blocked, id=14780, stack(0x000000ef29a00000,0x000000ef29b00000) (1024K)]
  0x0000027ef40172d0 JavaThread "pool-52-thread-1"                  [_thread_blocked, id=14784, stack(0x000000ef29b00000,0x000000ef29c00000) (1024K)]
  0x0000027ef4017960 JavaThread "pool-53-thread-1"                  [_thread_blocked, id=14788, stack(0x000000ef29c00000,0x000000ef29d00000) (1024K)]
  0x0000027ef40116f0 JavaThread "pool-54-thread-1"                  [_thread_blocked, id=14792, stack(0x000000ef29d00000,0x000000ef29e00000) (1024K)]
  0x0000027ef4011d80 JavaThread "pool-55-thread-1"                  [_thread_blocked, id=14796, stack(0x000000ef29e00000,0x000000ef29f00000) (1024K)]
  0x0000027ef4017ff0 JavaThread "pool-56-thread-1"                  [_thread_blocked, id=14812, stack(0x000000ef29f00000,0x000000ef2a000000) (1024K)]
  0x0000027ef4011060 JavaThread "pool-57-thread-1"                  [_thread_blocked, id=14816, stack(0x000000ef2a000000,0x000000ef2a100000) (1024K)]
  0x0000027ef4013e50 JavaThread "pool-58-thread-1"                  [_thread_blocked, id=14820, stack(0x000000ef2a100000,0x000000ef2a200000) (1024K)]
  0x0000027ef4018680 JavaThread "pool-59-thread-1"                  [_thread_blocked, id=14828, stack(0x000000ef2a200000,0x000000ef2a300000) (1024K)]
  0x0000027ef4018d10 JavaThread "Exec process"                      [_thread_blocked, id=14832, stack(0x000000ef2a300000,0x000000ef2a400000) (1024K)]
  0x0000027ef4012aa0 JavaThread "Exec process"                      [_thread_in_native, id=14836, stack(0x000000ef2a400000,0x000000ef2a500000) (1024K)]
  0x0000027ef40193a0 JavaThread "Exec process"                      [_thread_in_native, id=14840, stack(0x000000ef2a500000,0x000000ef2a600000) (1024K)]
  0x0000027ef4012410 JavaThread "Exec process"                      [_thread_in_native, id=14856, stack(0x000000ef2a600000,0x000000ef2a700000) (1024K)]
  0x0000027ef401bb00 JavaThread "Exec process"                      [_thread_in_native, id=14868, stack(0x000000ef2a700000,0x000000ef2a800000) (1024K)]
  0x0000027ef4019a30 JavaThread "pool-60-thread-1"                  [_thread_blocked, id=14872, stack(0x000000ef2a800000,0x000000ef2a900000) (1024K)]
  0x0000027ef4014b70 JavaThread "Exec process"                      [_thread_in_native, id=14876, stack(0x000000ef2a900000,0x000000ef2aa00000) (1024K)]
  0x0000027ef4015890 JavaThread "Exec process"                      [_thread_in_native, id=14900, stack(0x000000ef2aa00000,0x000000ef2ab00000) (1024K)]
  0x0000027ef401a0c0 JavaThread "pool-61-thread-1"                  [_thread_blocked, id=14904, stack(0x000000ef2ab00000,0x000000ef2ac00000) (1024K)]
  0x0000027ef401a750 JavaThread "pool-62-thread-1"                  [_thread_blocked, id=14916, stack(0x000000ef2ac00000,0x000000ef2ad00000) (1024K)]
  0x0000027ef401ade0 JavaThread "pool-63-thread-1"                  [_thread_blocked, id=14920, stack(0x000000ef2ad00000,0x000000ef2ae00000) (1024K)]
  0x0000027ef401b470 JavaThread "pool-64-thread-1"                  [_thread_blocked, id=14924, stack(0x000000ef2ae00000,0x000000ef2af00000) (1024K)]
  0x0000027ef401c190 JavaThread "pool-65-thread-1"                  [_thread_blocked, id=14952, stack(0x000000ef2af00000,0x000000ef2b000000) (1024K)]
  0x0000027ef4015200 JavaThread "Exec process"                      [_thread_in_native, id=14964, stack(0x000000ef2b000000,0x000000ef2b100000) (1024K)]
  0x0000027ef401d540 JavaThread "Exec process Thread 2"             [_thread_blocked, id=14976, stack(0x000000ef2b300000,0x000000ef2b400000) (1024K)]
  0x0000027ef401e260 JavaThread "Exec process Thread 2"             [_thread_blocked, id=14988, stack(0x000000ef2b400000,0x000000ef2b500000) (1024K)]
  0x0000027ef401e8f0 JavaThread "Exec process Thread 2"             [_thread_blocked, id=14996, stack(0x000000ef2b600000,0x000000ef2b700000) (1024K)]
  0x0000027ee97cc720 JavaThread "Exec process Thread 2"             [_thread_blocked, id=15012, stack(0x000000ef2b800000,0x000000ef2b900000) (1024K)]
  0x0000027ee97c7ef0 JavaThread "Exec process Thread 2"             [_thread_blocked, id=15028, stack(0x000000ef2ba00000,0x000000ef2bb00000) (1024K)]
  0x0000027ee97c71d0 JavaThread "Exec process Thread 2"             [_thread_blocked, id=15044, stack(0x000000ef2bc00000,0x000000ef2bd00000) (1024K)]
  0x0000027ee97c8580 JavaThread "Exec process Thread 2"             [_thread_blocked, id=15060, stack(0x000000ef2be00000,0x000000ef2bf00000) (1024K)]
  0x0000027ee97c6b40 JavaThread "pool-66-thread-1"                  [_thread_blocked, id=15100, stack(0x000000ef2bf00000,0x000000ef2c000000) (1024K)]
  0x0000027ee97c7860 JavaThread "pool-67-thread-1"                  [_thread_blocked, id=15104, stack(0x000000ef2c000000,0x000000ef2c100000) (1024K)]
  0x0000027ee97cb370 JavaThread "Exec process"                      [_thread_in_native, id=15108, stack(0x000000ef2c100000,0x000000ef2c200000) (1024K)]
  0x0000027ee97c8c10 JavaThread "pool-68-thread-1"                  [_thread_blocked, id=15112, stack(0x000000ef2c200000,0x000000ef2c300000) (1024K)]
  0x0000027ee97cd440 JavaThread "pool-69-thread-1"                  [_thread_blocked, id=15116, stack(0x000000ef2c300000,0x000000ef2c400000) (1024K)]
  0x0000027ee97cace0 JavaThread "pool-70-thread-1"                  [_thread_blocked, id=15120, stack(0x000000ef2c400000,0x000000ef2c500000) (1024K)]
  0x0000027ee97c9fc0 JavaThread "pool-71-thread-1"                  [_thread_blocked, id=15124, stack(0x000000ef2c500000,0x000000ef2c600000) (1024K)]
  0x0000027ee97c64b0 JavaThread "pool-72-thread-1"                  [_thread_blocked, id=15128, stack(0x000000ef2c600000,0x000000ef2c700000) (1024K)]
  0x0000027ee97cee80 JavaThread "pool-73-thread-1"                  [_thread_blocked, id=15132, stack(0x000000ef2c700000,0x000000ef2c800000) (1024K)]
  0x0000027ee97cf510 JavaThread "Exec process Thread 2"             [_thread_blocked, id=15148, stack(0x000000ef2c900000,0x000000ef2ca00000) (1024K)]
  0x0000027ee97c92a0 JavaThread "pool-74-thread-1"                  [_thread_blocked, id=15224, stack(0x000000ef2b100000,0x000000ef2b200000) (1024K)]
  0x0000027ee97ca650 JavaThread "Exec process Thread 2"             [_thread_blocked, id=15232, stack(0x000000ef2b500000,0x000000ef2b600000) (1024K)]
  0x0000027ee97cba00 JavaThread "pool-75-thread-1"                  [_thread_blocked, id=15236, stack(0x000000ef2b700000,0x000000ef2b800000) (1024K)]
  0x0000027ee97cc090 JavaThread "Connection worker"                 [_thread_blocked, id=15240, stack(0x000000ef2b900000,0x000000ef2ba00000) (1024K)]
  0x0000027ee97c5790 JavaThread "Exec process"                      [_thread_in_native, id=15244, stack(0x000000ef2bb00000,0x000000ef2bc00000) (1024K)]
  0x0000027ee97ccdb0 JavaThread "pool-76-thread-1"                  [_thread_blocked, id=15248, stack(0x000000ef2bd00000,0x000000ef2be00000) (1024K)]
  0x0000027ee97c5e20 JavaThread "pool-77-thread-1"                  [_thread_blocked, id=15252, stack(0x000000ef2c800000,0x000000ef2c900000) (1024K)]
  0x0000027ee97d1c70 JavaThread "pool-78-thread-1"                  [_thread_blocked, id=15256, stack(0x000000ef2ca00000,0x000000ef2cb00000) (1024K)]
  0x0000027ee97ce7f0 JavaThread "Exec process"                      [_thread_in_native, id=15264, stack(0x000000ef2cb00000,0x000000ef2cc00000) (1024K)]
  0x0000027ee97cfba0 JavaThread "pool-79-thread-1"                  [_thread_blocked, id=15272, stack(0x000000ef2cc00000,0x000000ef2cd00000) (1024K)]
  0x0000027ee97d0230 JavaThread "pool-80-thread-1"                  [_thread_blocked, id=15284, stack(0x000000ef2cd00000,0x000000ef2ce00000) (1024K)]
  0x0000027ee97d08c0 JavaThread "pool-81-thread-1"                  [_thread_blocked, id=15288, stack(0x000000ef2ce00000,0x000000ef2cf00000) (1024K)]
  0x0000027ee97c9930 JavaThread "pool-82-thread-1"                  [_thread_blocked, id=6916, stack(0x000000ef2b200000,0x000000ef2b300000) (1024K)]
  0x0000027ee97cdad0 JavaThread "Exec process Thread 2"             [_thread_blocked, id=1888, stack(0x000000ef2d000000,0x000000ef2d100000) (1024K)]
  0x0000027ee97d15e0 JavaThread "Worker-285: Initialize workspace"        [_thread_blocked, id=13008, stack(0x000000ef2d100000,0x000000ef2d200000) (1024K)]
  0x0000027ee97d0f50 JavaThread "pool-83-thread-1"                  [_thread_blocked, id=1824, stack(0x000000ef21a00000,0x000000ef21b00000) (1024K)]
  0x0000027ee97d2990 JavaThread "Exec process Thread 2"             [_thread_blocked, id=7668, stack(0x000000ef25d00000,0x000000ef25e00000) (1024K)]
  0x0000027ee97ce160 JavaThread "pool-84-thread-1"                  [_thread_blocked, id=7332, stack(0x000000ef2cf00000,0x000000ef2d000000) (1024K)]
  0x0000027ee97d43d0 JavaThread "Exec process"                      [_thread_in_native, id=2680, stack(0x000000ef2d200000,0x000000ef2d300000) (1024K)]
  0x0000027ee97d36b0 JavaThread "pool-85-thread-1"                  [_thread_blocked, id=8068, stack(0x000000ef2d400000,0x000000ef2d500000) (1024K)]
  0x0000027ee97d3d40 JavaThread "Exec process"                      [_thread_in_native, id=13396, stack(0x000000ef2d500000,0x000000ef2d600000) (1024K)]
  0x0000027ee97d4a60 JavaThread "Connection worker"                 [_thread_blocked, id=728, stack(0x000000ef2d600000,0x000000ef2d700000) (1024K)]
  0x0000027ef401c820 JavaThread "Exec process"                      [_thread_in_native, id=4392, stack(0x000000ef2d700000,0x000000ef2d800000) (1024K)]
  0x0000027ef401dbd0 JavaThread "Exec process"                      [_thread_in_native, id=11708, stack(0x000000ef2d800000,0x000000ef2d900000) (1024K)]
  0x0000027ef401ef80 JavaThread "Exec process Thread 2"             [_thread_blocked, id=548, stack(0x000000ef2d900000,0x000000ef2da00000) (1024K)]
  0x0000027eeb8e5a50 JavaThread "Worker-287: Initialize workspace"        [_thread_blocked, id=3028, stack(0x000000ef2da00000,0x000000ef2db00000) (1024K)]
  0x0000027ee97d2300 JavaThread "Exec process Thread 2"             [_thread_blocked, id=9808, stack(0x000000ef2dc00000,0x000000ef2dd00000) (1024K)]
  0x0000027eeba5c5b0 JavaThread "Exec process"                      [_thread_in_native, id=2040, stack(0x000000ef2dd00000,0x000000ef2de00000) (1024K)]
  0x0000027ef3e61840 JavaThread "Exec process Thread 2"             [_thread_blocked, id=2532, stack(0x000000ef2df00000,0x000000ef2e000000) (1024K)]
  0x0000027ef3e5d010 JavaThread "pool-86-thread-1"                  [_thread_blocked, id=1412, stack(0x000000ef2e000000,0x000000ef2e100000) (1024K)]
  0x0000027ef3e61ed0 JavaThread "Exec process Thread 2"             [_thread_blocked, id=15160, stack(0x000000ef2e200000,0x000000ef2e300000) (1024K)]
  0x0000027ef3e5dd30 JavaThread "Exec process Thread 2"             [_thread_blocked, id=15192, stack(0x000000ef2e300000,0x000000ef2e400000) (1024K)]
  0x0000027ef3e62bf0 JavaThread "Exec process"                      [_thread_in_native, id=15164, stack(0x000000ef2db00000,0x000000ef2dc00000) (1024K)]
  0x0000027ef3e60490 JavaThread "Timer-85"                          [_thread_blocked, id=14492, stack(0x000000ef2e500000,0x000000ef2e600000) (1024K)]
  0x0000027ef3e5d6a0 JavaThread "Worker-289: Initialize workspace"        [_thread_blocked, id=14908, stack(0x000000ef22300000,0x000000ef22400000) (1024K)]
  0x0000027ef3e5e3c0 JavaThread "Exec process"                      [_thread_in_native, id=2876, stack(0x000000ef2d300000,0x000000ef2d400000) (1024K)]
  0x0000027ef3e5f770 JavaThread "Connection worker"                 [_thread_blocked, id=15404, stack(0x000000ef2e100000,0x000000ef2e200000) (1024K)]
  0x0000027ef3e5f0e0 JavaThread "Exec process"                      [_thread_in_native, id=15412, stack(0x000000ef2e400000,0x000000ef2e500000) (1024K)]
  0x0000027ef3e62560 JavaThread "Exec process Thread 2"             [_thread_blocked, id=15512, stack(0x000000ef2e700000,0x000000ef2e800000) (1024K)]
  0x0000027ef3e63280 JavaThread "Timer-86"                          [_thread_blocked, id=15536, stack(0x000000ef2e900000,0x000000ef2ea00000) (1024K)]
  0x0000027ef3e63910 JavaThread "pool-87-thread-1"                  [_thread_blocked, id=15544, stack(0x000000ef2eb00000,0x000000ef2ec00000) (1024K)]
  0x0000027ef3e5c980 JavaThread "Exec process"                      [_thread_in_native, id=15552, stack(0x000000ef2ec00000,0x000000ef2ed00000) (1024K)]
  0x0000027ef3e63fa0 JavaThread "Exec process"                      [_thread_in_native, id=15564, stack(0x000000ef2ed00000,0x000000ef2ee00000) (1024K)]
  0x0000027ef3e60b20 JavaThread "Exec process Thread 2"             [_thread_blocked, id=15648, stack(0x000000ef2de00000,0x000000ef2df00000) (1024K)]
  0x0000027ef3e64cc0 JavaThread "Exec process Thread 2"             [_thread_blocked, id=15680, stack(0x000000ef2ee00000,0x000000ef2ef00000) (1024K)]
  0x0000027ef3e65350 JavaThread "Exec process"                      [_thread_in_native, id=15768, stack(0x000000ef2ef00000,0x000000ef2f000000) (1024K)]
  0x0000027ef3e64630 JavaThread "Exec process"                      [_thread_in_native, id=15780, stack(0x000000ef26900000,0x000000ef26a00000) (1024K)]
  0x0000027ef3e66070 JavaThread "Exec process Thread 2"             [_thread_blocked, id=15788, stack(0x000000ef2f000000,0x000000ef2f100000) (1024K)]
  0x0000027ef3e66d90 JavaThread "Exec process Thread 2"             [_thread_blocked, id=15804, stack(0x000000ef2f200000,0x000000ef2f300000) (1024K)]
  0x0000027ef3e67420 JavaThread "Exec process"                      [_thread_in_native, id=15808, stack(0x000000ef2f300000,0x000000ef2f400000) (1024K)]
  0x0000027ef3e5ea50 JavaThread "Exec process Thread 2"             [_thread_blocked, id=15948, stack(0x000000ef2ea00000,0x000000ef2eb00000) (1024K)]
  0x0000027ef3e6a210 JavaThread "Exec process Thread 2"             [_thread_blocked, id=15964, stack(0x000000ef2f500000,0x000000ef2f600000) (1024K)]
  0x0000027ef3e611b0 JavaThread "Exec process"                      [_thread_in_native, id=16112, stack(0x000000ef2e600000,0x000000ef2e700000) (1024K)]
  0x0000027ef3e5bc60 JavaThread "Worker-294: Initialize workspace"        [_thread_blocked, id=16172, stack(0x000000ef2e800000,0x000000ef2e900000) (1024K)]
  0x0000027ef3e6d690 JavaThread "Exec process Thread 2"             [_thread_blocked, id=16264, stack(0x000000ef2f400000,0x000000ef2f500000) (1024K)]
  0x0000027ef3e6e3b0 JavaThread "Timer-87"                          [_thread_blocked, id=16276, stack(0x000000ef2f800000,0x000000ef2f900000) (1024K)]
  0x0000027ef3e6ea40 JavaThread "Exec process"                      [_thread_in_native, id=16292, stack(0x000000ef2fa00000,0x000000ef2fb00000) (1024K)]
  0x0000027ef3e69b80 JavaThread "Exec process"                      [_thread_in_native, id=16296, stack(0x000000ef2fb00000,0x000000ef2fc00000) (1024K)]
  0x0000027ef3e6a8a0 JavaThread "Exec process"                      [_thread_in_native, id=16340, stack(0x000000ef2fc00000,0x000000ef2fd00000) (1024K)]
  0x0000027ef3e5c2f0 JavaThread "Exec process"                      [_thread_in_native, id=16360, stack(0x000000ef2f100000,0x000000ef2f200000) (1024K)]
  0x0000027ef3e68140 JavaThread "Connection worker"                 [_thread_blocked, id=16364, stack(0x000000ef2f600000,0x000000ef2f700000) (1024K)]
  0x0000027ef3e6bc50 JavaThread "Exec process Thread 2"             [_thread_blocked, id=16372, stack(0x000000ef2fe00000,0x000000ef2ff00000) (1024K)]
  0x0000027ef3e66700 JavaThread "Exec process"                      [_thread_in_native, id=16376, stack(0x000000ef2ff00000,0x000000ef30000000) (1024K)]
  0x0000027ef3e6d000 JavaThread "Exec process Thread 2"             [_thread_blocked, id=15144, stack(0x000000ef30200000,0x000000ef30300000) (1024K)]
  0x0000027ef3e6af30 JavaThread "Exec process"                      [_thread_in_native, id=10716, stack(0x000000ef30300000,0x000000ef30400000) (1024K)]
  0x0000027ef3e6f760 JavaThread "Exec process"                      [_thread_in_native, id=15532, stack(0x000000ef30500000,0x000000ef30600000) (1024K)]
  0x0000027ef3e687d0 JavaThread "pool-88-thread-1"                  [_thread_blocked, id=15800, stack(0x000000ef30600000,0x000000ef30700000) (1024K)]
  0x0000027ef3e6fdf0 JavaThread "Exec process"                      [_thread_in_native, id=15944, stack(0x000000ef30700000,0x000000ef30800000) (1024K)]
  0x0000027ef3e67ab0 JavaThread "Exec process"                      [_thread_in_native, id=16108, stack(0x000000ef2f700000,0x000000ef2f800000) (1024K)]
  0x0000027ef3e694f0 JavaThread "Exec process Thread 2"             [_thread_blocked, id=16508, stack(0x000000ef30000000,0x000000ef30100000) (1024K)]
  0x0000027ef3e68e60 JavaThread "Exec process"                      [_thread_in_native, id=16524, stack(0x000000ef30800000,0x000000ef30900000) (1024K)]
  0x0000027ef3e73900 JavaThread "Connection worker"                 [_thread_blocked, id=16528, stack(0x000000ef30900000,0x000000ef30a00000) (1024K)]
  0x0000027ef3e74cb0 JavaThread "Exec process Thread 2"             [_thread_blocked, id=16552, stack(0x000000ef30d00000,0x000000ef30e00000) (1024K)]
  0x0000027ef3e711a0 JavaThread "Exec process Thread 2"             [_thread_blocked, id=16572, stack(0x000000ef31000000,0x000000ef31100000) (1024K)]
  0x0000027ef3e71830 JavaThread "Exec process"                      [_thread_in_native, id=16584, stack(0x000000ef31100000,0x000000ef31200000) (1024K)]
  0x0000027ef3e71ec0 JavaThread "Exec process Thread 2"             [_thread_blocked, id=16592, stack(0x000000ef31300000,0x000000ef31400000) (1024K)]
  0x0000027ef3e72be0 JavaThread "Exec process Thread 2"             [_thread_blocked, id=16608, stack(0x000000ef31500000,0x000000ef31600000) (1024K)]
  0x0000027ef3e73270 JavaThread "Timer-88"                          [_thread_blocked, id=16620, stack(0x000000ef31600000,0x000000ef31700000) (1024K)]
  0x0000027ef3e78e50 JavaThread "Exec process Thread 2"             [_thread_blocked, id=16628, stack(0x000000ef31800000,0x000000ef31900000) (1024K)]
  0x0000027ef3e7a890 JavaThread "Exec process Thread 2"             [_thread_blocked, id=16648, stack(0x000000ef31b00000,0x000000ef31c00000) (1024K)]
  0x0000027ef3e794e0 JavaThread "Exec process Thread 2"             [_thread_blocked, id=16664, stack(0x000000ef31d00000,0x000000ef31e00000) (1024K)]
  0x0000027ef3e79b70 JavaThread "Exec process"                      [_thread_in_native, id=16688, stack(0x000000ef31e00000,0x000000ef31f00000) (1024K)]
  0x0000027ef3e76060 JavaThread "Exec process"                      [_thread_in_native, id=16692, stack(0x000000ef31f00000,0x000000ef32000000) (1024K)]
  0x0000027ef3e7af20 JavaThread "pool-89-thread-1"                  [_thread_blocked, id=16804, stack(0x000000ef2f900000,0x000000ef2fa00000) (1024K)]
  0x0000027ef3e76d80 JavaThread "Worker-298: Initialize workspace"        [_thread_blocked, id=16816, stack(0x000000ef30100000,0x000000ef30200000) (1024K)]
  0x0000027ef3e6c970 JavaThread "Exec process Thread 2"             [_thread_blocked, id=16948, stack(0x000000ef30c00000,0x000000ef30d00000) (1024K)]
  0x0000027ef3e6c2e0 JavaThread "Exec process Thread 2"             [_thread_blocked, id=16968, stack(0x000000ef31200000,0x000000ef31300000) (1024K)]
  0x0000027ef3e73f90 JavaThread "Exec process Thread 2"             [_thread_blocked, id=16984, stack(0x000000ef31700000,0x000000ef31800000) (1024K)]
  0x0000027ef3e75340 JavaThread "Exec process"                      [_thread_in_native, id=16988, stack(0x000000ef31900000,0x000000ef31a00000) (1024K)]
  0x0000027ef3e759d0 JavaThread "Connection worker"                 [_thread_blocked, id=16992, stack(0x000000ef31a00000,0x000000ef31b00000) (1024K)]
  0x0000027ef3e77aa0 JavaThread "Exec process"                      [_thread_in_native, id=16996, stack(0x000000ef31c00000,0x000000ef31d00000) (1024K)]
  0x0000027ef3e78130 JavaThread "Exec process"                      [_thread_in_native, id=17000, stack(0x000000ef32000000,0x000000ef32100000) (1024K)]
  0x0000027ef3e72550 JavaThread "pool-90-thread-1"                  [_thread_blocked, id=17156, stack(0x000000ef30f00000,0x000000ef31000000) (1024K)]
  0x0000027ef3e787c0 JavaThread "Exec process Thread 2"             [_thread_blocked, id=17236, stack(0x000000ef32200000,0x000000ef32300000) (1024K)]
  0x0000027ef3e766f0 JavaThread "Exec process Thread 2"             [_thread_blocked, id=17252, stack(0x000000ef32400000,0x000000ef32500000) (1024K)]
  0x0000027eeb8e8ed0 JavaThread "Exec process Thread 2"             [_thread_blocked, id=17268, stack(0x000000ef32600000,0x000000ef32700000) (1024K)]
  0x0000027ef3e77410 JavaThread "Timer-89"                          [_thread_blocked, id=17284, stack(0x000000ef32100000,0x000000ef32200000) (1024K)]
  0x0000027ee97d3020 JavaThread "Worker-301: Initialize workspace"        [_thread_blocked, id=17340, stack(0x000000ef31400000,0x000000ef31500000) (1024K)]
  0x0000027ef3e70480 JavaThread "Exec process"                      [_thread_in_native, id=17348, stack(0x000000ef30e00000,0x000000ef30f00000) (1024K)]
  0x0000027ef3e74620 JavaThread "Exec process"                      [_thread_in_native, id=17352, stack(0x000000ef32300000,0x000000ef32400000) (1024K)]
  0x0000027ef401ceb0 JavaThread "Exec process Thread 2"             [_thread_blocked, id=16624, stack(0x000000ef32700000,0x000000ef32800000) (1024K)]
  0x0000027ee97a8560 JavaThread "Connection worker"                 [_thread_blocked, id=16980, stack(0x000000ef32900000,0x000000ef32a00000) (1024K)]
  0x0000027ee97ab350 JavaThread "Exec process"                      [_thread_in_native, id=17616, stack(0x000000ef32c00000,0x000000ef32d00000) (1024K)]
  0x0000027ee97ac700 JavaThread "pool-91-thread-1"                  [_thread_blocked, id=17628, stack(0x000000ef32f00000,0x000000ef33000000) (1024K)]
  0x0000027ee97aacc0 JavaThread "Exec process Thread 2"             [_thread_blocked, id=17636, stack(0x000000ef33000000,0x000000ef33100000) (1024K)]
  0x0000027ee97acd90 JavaThread "Exec process"                      [_thread_in_native, id=17640, stack(0x000000ef33100000,0x000000ef33200000) (1024K)]
  0x0000027ee97a9910 JavaThread "Exec process Thread 2"             [_thread_blocked, id=17664, stack(0x000000ef33300000,0x000000ef33400000) (1024K)]
  0x0000027ee97a7ed0 JavaThread "Timer-90"                          [_thread_blocked, id=17808, stack(0x000000ef32800000,0x000000ef32900000) (1024K)]
  0x0000027ee97a6490 JavaThread "Worker-305: Initialize workspace"        [_thread_blocked, id=18140, stack(0x000000ef32a00000,0x000000ef32b00000) (1024K)]
  0x0000027ee97ac070 JavaThread "Exec process Thread 2"             [_thread_blocked, id=18296, stack(0x000000ef32d00000,0x000000ef32e00000) (1024K)]
  0x0000027ee97a6b20 JavaThread "Exec process"                      [_thread_blocked, id=18396, stack(0x000000ef32e00000,0x000000ef32f00000) (1024K)]
  0x0000027ee97a5e00 JavaThread "Exec process"                      [_thread_in_native, id=18420, stack(0x000000ef33200000,0x000000ef33300000) (1024K)]
  0x0000027ee97adab0 JavaThread "Timer-91"                          [_thread_blocked, id=17608, stack(0x000000ef33500000,0x000000ef33600000) (1024K)]
  0x0000027ee97ad420 JavaThread "Worker-308: Initialize workspace"        [_thread_blocked, id=18456, stack(0x000000ef33400000,0x000000ef33500000) (1024K)]
  0x0000027ee97a7840 JavaThread "Exec process"                      [_thread_in_native, id=18488, stack(0x000000ef32500000,0x000000ef32600000) (1024K)]
  0x0000027ee97a71b0 JavaThread "Exec process Thread 2"             [_thread_blocked, id=18680, stack(0x000000ef33700000,0x000000ef33800000) (1024K)]
  0x0000027ee97ae7d0 JavaThread "Worker-309: Initialize workspace"        [_thread_in_Java, id=18684, stack(0x000000ef33800000,0x000000ef33900000) (1024K)]
  0x0000027ee97afb80 JavaThread "Exec process"                      [_thread_blocked, id=18688, stack(0x000000ef33900000,0x000000ef33a00000) (1024K)]
  0x0000027ee97ab9e0 JavaThread "Connection worker"                 [_thread_blocked, id=18700, stack(0x000000ef2fd00000,0x000000ef2fe00000) (1024K)]
  0x0000027ee97ae140 JavaThread "Timer-92"                          [_thread_blocked, id=18808, stack(0x000000ef33b00000,0x000000ef33c00000) (1024K)]
  0x0000027ee97aee60 JavaThread "pool-92-thread-1"                  [_thread_blocked, id=18924, stack(0x000000ef33600000,0x000000ef33700000) (1024K)]
  0x0000027ee97af4f0 JavaThread "DisconnectableInputStream source reader" daemon [_thread_blocked, id=19068, stack(0x000000ef33a00000,0x000000ef33b00000) (1024K)]
  0x0000027ee97b08a0 JavaThread "Exec process Thread 2"             [_thread_blocked, id=19072, stack(0x000000ef33c00000,0x000000ef33d00000) (1024K)]
  0x0000027ee97b0f30 JavaThread "Worker-312"                        [_thread_blocked, id=19076, stack(0x000000ef33e00000,0x000000ef33f00000) (1024K)]
  0x0000027ee97a9fa0 JavaThread "Connection worker"                 [_thread_blocked, id=19080, stack(0x000000ef33f00000,0x000000ef34000000) (1024K)]
  0x0000027ee97b15c0 JavaThread "Connection worker"                 [_thread_new, id=19084, stack(0x0000000000000000,0x0000000000000000) (0B)]
  0x0000027ee97b0210 JavaThread "Connection worker"                 [_thread_new, id=19200, stack(0x0000000000000000,0x0000000000000000) (0B)]
  0x0000027ee97a5770 JavaThread "Connection worker"                 [_thread_new, id=19224, stack(0x0000000000000000,0x0000000000000000) (0B)]
  0x0000027ee97aa630 JavaThread "Exec process"                      [_thread_new, id=19228, stack(0x0000000000000000,0x0000000000000000) (0B)]
Total: 492

Other Threads:
  0x0000027ee1d8a4d0 VMThread "VM Thread"                           [id=13288, stack(0x000000ef14c00000,0x000000ef14d00000) (1024K)] _threads_hazard_ptr=0x0000027eebd1a4c0
  0x0000027ecb482420 WatcherThread "VM Periodic Task Thread"        [id=2460, stack(0x000000ef14b00000,0x000000ef14c00000) (1024K)]
  0x0000027ecb3da3b0 WorkerThread "GC Thread#0"                     [id=4164, stack(0x000000ef14a00000,0x000000ef14b00000) (1024K)]
  0x0000027ee7542b30 WorkerThread "GC Thread#1"                     [id=10344, stack(0x000000ef15800000,0x000000ef15900000) (1024K)]
  0x0000027ee73c3be0 WorkerThread "GC Thread#2"                     [id=7912, stack(0x000000ef15900000,0x000000ef15a00000) (1024K)]
  0x0000027ee73c3f90 WorkerThread "GC Thread#3"                     [id=5524, stack(0x000000ef15a00000,0x000000ef15b00000) (1024K)]
Total: 6

Threads with active compile tasks:
C2 CompilerThread0  105465 12842       4       java.util.regex.Pattern$CharPropertyGreedy::match (160 bytes)
Total: 1

VM state: synchronizing (normal execution)

VM Mutex/Monitor currently owned by a thread:  ([mutex/lock_event])
[0x00007ffe97aef5b0] Threads_lock - owner thread: 0x0000027ee1d8a4d0

Heap address: 0x0000000080000000, size: 2048 MB, Compressed Oops mode: 32-bit

CDS archive(s) mapped at: [0x0000027e80000000-0x0000027e80ba0000-0x0000027e80ba0000), size 12189696, SharedBaseAddress: 0x0000027e80000000, ArchiveRelocationMode: 1.
Compressed class space mapped at: 0x0000027e81000000-0x0000027ec1000000, reserved size: 1073741824
Narrow klass base: 0x0000027e80000000, Narrow klass shift: 0, Narrow klass range: 0x100000000

GC Precious Log:
 CardTable entry size: 512
 CPUs: 4 total, 4 available
 Memory: 8080M
 Large Page Support: Disabled
 NUMA Support: Disabled
 Compressed Oops: Enabled (32-bit)
 Alignments: Space 512K, Generation 512K, Heap 2M
 Heap Min Capacity: 100M
 Heap Initial Capacity: 100M
 Heap Max Capacity: 2G
 Pre-touch: Disabled
 Parallel Workers: 4

Heap:
 PSYoungGen      total 17408K, used 14770K [0x00000000d5580000, 0x00000000d6880000, 0x0000000100000000)
  eden space 16384K, 86% used [0x00000000d5580000,0x00000000d634e040,0x00000000d6580000)
  from space 1024K, 61% used [0x00000000d6680000,0x00000000d671ea90,0x00000000d6780000)
  to   space 1024K, 0% used [0x00000000d6780000,0x00000000d6780000,0x00000000d6880000)
 ParOldGen       total 829952K, used 829479K [0x0000000080000000, 0x00000000b2a80000, 0x00000000d5580000)
  object space 829952K, 99% used [0x0000000080000000,0x00000000b2a09cf0,0x00000000b2a80000)
 Metaspace       used 64398K, committed 66240K, reserved 1114112K
  class space    used 7429K, committed 8256K, reserved 1048576K

Card table byte_map: [0x0000027ecad70000,0x0000027ecb180000] _byte_map_base: 0x0000027eca970000

Marking Bits: (ParMarkBitMap*) 0x00007ffe97af44a0
 Begin Bits: [0x0000027edd880000, 0x0000027edf880000)
 End Bits:   [0x0000027edf880000, 0x0000027ee1880000)

Polling page: 0x0000027ec91c0000

Metaspace:

Usage:
  Non-class:     55.63 MB used.
      Class:      7.26 MB used.
       Both:     62.89 MB used.

Virtual space:
  Non-class space:       64.00 MB reserved,      56.62 MB ( 88%) committed,  1 nodes.
      Class space:        1.00 GB reserved,       8.06 MB ( <1%) committed,  1 nodes.
             Both:        1.06 GB reserved,      64.69 MB (  6%) committed. 

Chunk freelists:
   Non-Class:  6.98 MB
       Class:  7.82 MB
        Both:  14.80 MB

MaxMetaspaceSize: unlimited
CompressedClassSpaceSize: 1.00 GB
Initial GC threshold: 21.00 MB
Current GC threshold: 97.31 MB
CDS: on
 - commit_granule_bytes: 65536.
 - commit_granule_words: 8192.
 - virtual_space_node_default_size: 8388608.
 - enlarge_chunks_in_place: 1.
 - use_allocation_guard: 0.


Internal statistics:

num_allocs_failed_limit: 9.
num_arena_births: 2004.
num_arena_deaths: 14.
num_vsnodes_births: 2.
num_vsnodes_deaths: 0.
num_space_committed: 1035.
num_space_uncommitted: 0.
num_chunks_returned_to_freelist: 23.
num_chunks_taken_from_freelist: 5106.
num_chunk_merges: 10.
num_chunk_splits: 3154.
num_chunks_enlarged: 1686.
num_inconsistent_stats: 0.

CodeHeap 'non-profiled nmethods': size=120000Kb used=10292Kb max_used=10292Kb free=109707Kb
 bounds [0x0000027ed60a0000, 0x0000027ed6ab0000, 0x0000027edd5d0000]
CodeHeap 'profiled nmethods': size=120000Kb used=25888Kb max_used=25888Kb free=94111Kb
 bounds [0x0000027ece5d0000, 0x0000027ecff20000, 0x0000027ed5b00000]
CodeHeap 'non-nmethods': size=5760Kb used=1395Kb max_used=1459Kb free=4364Kb
 bounds [0x0000027ed5b00000, 0x0000027ed5d70000, 0x0000027ed60a0000]
CodeCache: size=245760Kb, used=37575Kb, max_used=37639Kb, free=208182Kb
 total_blobs=12751, nmethods=12050, adapters=607, full_count=0
Compilation: enabled, stopped_count=0, restarted_count=0

Compilation events (20 events):
Event: 104.334 Thread 0x0000027ee1e25c90 nmethod 12832 0x0000027ecff0d490 code [0x0000027ecff0d640, 0x0000027ecff0d840]
Event: 104.341 Thread 0x0000027ee1db34b0 12833       4       sun.security.provider.DigestBase::engineDigest (112 bytes)
Event: 104.350 Thread 0x0000027ee1e25c90 12834       3       java.util.concurrent.locks.AbstractQueuedSynchronizer$ConditionNode::block (15 bytes)
Event: 104.351 Thread 0x0000027ee1e25c90 nmethod 12834 0x0000027ecff0d910 code [0x0000027ecff0db00, 0x0000027ecff0e0d0]
Event: 104.351 Thread 0x0000027ee1e25c90 12836   !   3       java.nio.HeapCharBuffer::toString (30 bytes)
Event: 104.351 Thread 0x0000027ee1e25c90 nmethod 12836 0x0000027ecff0e290 code [0x0000027ecff0e460, 0x0000027ecff0e720]
Event: 104.352 Thread 0x0000027ee1e25c90 12837       3       java.nio.HeapCharBuffer::<init> (31 bytes)
Event: 104.353 Thread 0x0000027ee1e25c90 nmethod 12837 0x0000027ecff0e890 code [0x0000027ecff0ea40, 0x0000027ecff0ebd0]
Event: 104.374 Thread 0x0000027ee1db34b0 nmethod 12833 0x0000027ed6aaa210 code [0x0000027ed6aaa440, 0x0000027ed6aab170]
Event: 104.374 Thread 0x0000027ee1db34b0 12835       4       java.util.stream.SortedOps$OfRef::opWrapSink (60 bytes)
Event: 104.379 Thread 0x0000027ee1db34b0 nmethod 12835 0x0000027ed6aaba90 code [0x0000027ed6aabc40, 0x0000027ed6aabfd8]
Event: 104.528 Thread 0x0000027ee1db34b0 12838       4       java.util.stream.SortedOps$OfRef::<init> (32 bytes)
Event: 104.531 Thread 0x0000027ee1db34b0 nmethod 12838 0x0000027ed6aac210 code [0x0000027ed6aac3a0, 0x0000027ed6aac590]
Event: 104.630 Thread 0x0000027ee1e25c90 12839       3       java.lang.Throwable::printEnclosedStackTrace (350 bytes)
Event: 104.633 Thread 0x0000027ee1e25c90 nmethod 12839 0x0000027ecff0ec90 code [0x0000027ecff0f280, 0x0000027ecff11b38]
Event: 104.765 Thread 0x0000027ee1db34b0 12840   !   4       java.io.RandomAccessFile::length (24 bytes)
Event: 104.771 Thread 0x0000027ee1db34b0 nmethod 12840 0x0000027ed6aac790 code [0x0000027ed6aac940, 0x0000027ed6aaca88]
Event: 104.892 Thread 0x0000027ee1db34b0 12841       4       java.lang.Character::codePointBefore (48 bytes)
Event: 104.894 Thread 0x0000027ee1db34b0 nmethod 12841 0x0000027ed6aacc90 code [0x0000027ed6aace40, 0x0000027ed6aacfe0]
Event: 104.895 Thread 0x0000027ee1db34b0 12842       4       java.util.regex.Pattern$CharPropertyGreedy::match (160 bytes)

GC Heap History (20 events):
Event: 95.692 GC heap before
{Heap before GC invocations=1931 (full 3):
 PSYoungGen      total 19968K, used 19584K [0x00000000d5580000, 0x00000000d6c80000, 0x0000000100000000)
  eden space 16384K, 100% used [0x00000000d5580000,0x00000000d6580000,0x00000000d6580000)
  from space 3584K, 89% used [0x00000000d6580000,0x00000000d68a0020,0x00000000d6900000)
  to   space 3584K, 0% used [0x00000000d6900000,0x00000000d6900000,0x00000000d6c80000)
 ParOldGen       total 820736K, used 820575K [0x0000000080000000, 0x00000000b2180000, 0x00000000d5580000)
  object space 820736K, 99% used [0x0000000080000000,0x00000000b2157ce0,0x00000000b2180000)
 Metaspace       used 64286K, committed 66176K, reserved 1114112K
  class space    used 7419K, committed 8256K, reserved 1048576K
}
Event: 95.783 GC heap after
{Heap after GC invocations=1931 (full 3):
 PSYoungGen      total 17408K, used 896K [0x00000000d5580000, 0x00000000d6a00000, 0x0000000100000000)
  eden space 16384K, 0% used [0x00000000d5580000,0x00000000d5580000,0x00000000d6580000)
  from space 1024K, 87% used [0x00000000d6900000,0x00000000d69e0000,0x00000000d6a00000)
  to   space 2048K, 0% used [0x00000000d6600000,0x00000000d6600000,0x00000000d6800000)
 ParOldGen       total 823808K, used 823561K [0x0000000080000000, 0x00000000b2480000, 0x00000000d5580000)
  object space 823808K, 99% used [0x0000000080000000,0x00000000b24424d8,0x00000000b2480000)
 Metaspace       used 64286K, committed 66176K, reserved 1114112K
  class space    used 7419K, committed 8256K, reserved 1048576K
}
Event: 97.016 GC heap before
{Heap before GC invocations=1932 (full 3):
 PSYoungGen      total 17408K, used 17280K [0x00000000d5580000, 0x00000000d6a00000, 0x0000000100000000)
  eden space 16384K, 100% used [0x00000000d5580000,0x00000000d6580000,0x00000000d6580000)
  from space 1024K, 87% used [0x00000000d6900000,0x00000000d69e0000,0x00000000d6a00000)
  to   space 2048K, 0% used [0x00000000d6600000,0x00000000d6600000,0x00000000d6800000)
 ParOldGen       total 823808K, used 823561K [0x0000000080000000, 0x00000000b2480000, 0x00000000d5580000)
  object space 823808K, 99% used [0x0000000080000000,0x00000000b24424d8,0x00000000b2480000)
 Metaspace       used 64297K, committed 66176K, reserved 1114112K
  class space    used 7419K, committed 8256K, reserved 1048576K
}
Event: 97.021 GC heap after
{Heap after GC invocations=1932 (full 3):
 PSYoungGen      total 18432K, used 512K [0x00000000d5580000, 0x00000000d6980000, 0x0000000100000000)
  eden space 16384K, 0% used [0x00000000d5580000,0x00000000d5580000,0x00000000d6580000)
  from space 2048K, 25% used [0x00000000d6600000,0x00000000d6680020,0x00000000d6800000)
  to   space 1024K, 0% used [0x00000000d6880000,0x00000000d6880000,0x00000000d6980000)
 ParOldGen       total 824832K, used 824323K [0x0000000080000000, 0x00000000b2580000, 0x00000000d5580000)
  object space 824832K, 99% used [0x0000000080000000,0x00000000b2500c80,0x00000000b2580000)
 Metaspace       used 64297K, committed 66176K, reserved 1114112K
  class space    used 7419K, committed 8256K, reserved 1048576K
}
Event: 97.538 GC heap before
{Heap before GC invocations=1933 (full 3):
 PSYoungGen      total 18432K, used 16879K [0x00000000d5580000, 0x00000000d6980000, 0x0000000100000000)
  eden space 16384K, 99% used [0x00000000d5580000,0x00000000d657bcb0,0x00000000d6580000)
  from space 2048K, 25% used [0x00000000d6600000,0x00000000d6680020,0x00000000d6800000)
  to   space 1024K, 0% used [0x00000000d6880000,0x00000000d6880000,0x00000000d6980000)
 ParOldGen       total 824832K, used 824323K [0x0000000080000000, 0x00000000b2580000, 0x00000000d5580000)
  object space 824832K, 99% used [0x0000000080000000,0x00000000b2500c80,0x00000000b2580000)
 Metaspace       used 64310K, committed 66176K, reserved 1114112K
  class space    used 7419K, committed 8256K, reserved 1048576K
}
Event: 97.545 GC heap after
{Heap after GC invocations=1933 (full 3):
 PSYoungGen      total 17408K, used 768K [0x00000000d5580000, 0x00000000d6980000, 0x0000000100000000)
  eden space 16384K, 0% used [0x00000000d5580000,0x00000000d5580000,0x00000000d6580000)
  from space 1024K, 75% used [0x00000000d6880000,0x00000000d6940000,0x00000000d6980000)
  to   space 1024K, 0% used [0x00000000d6780000,0x00000000d6780000,0x00000000d6880000)
 ParOldGen       total 824832K, used 824639K [0x0000000080000000, 0x00000000b2580000, 0x00000000d5580000)
  object space 824832K, 99% used [0x0000000080000000,0x00000000b254fd60,0x00000000b2580000)
 Metaspace       used 64310K, committed 66176K, reserved 1114112K
  class space    used 7419K, committed 8256K, reserved 1048576K
}
Event: 97.964 GC heap before
{Heap before GC invocations=1934 (full 3):
 PSYoungGen      total 17408K, used 17151K [0x00000000d5580000, 0x00000000d6980000, 0x0000000100000000)
  eden space 16384K, 99% used [0x00000000d5580000,0x00000000d657ffe0,0x00000000d6580000)
  from space 1024K, 75% used [0x00000000d6880000,0x00000000d6940000,0x00000000d6980000)
  to   space 1024K, 0% used [0x00000000d6780000,0x00000000d6780000,0x00000000d6880000)
 ParOldGen       total 824832K, used 824639K [0x0000000080000000, 0x00000000b2580000, 0x00000000d5580000)
  object space 824832K, 99% used [0x0000000080000000,0x00000000b254fd60,0x00000000b2580000)
 Metaspace       used 64315K, committed 66176K, reserved 1114112K
  class space    used 7419K, committed 8256K, reserved 1048576K
}
Event: 97.973 GC heap after
{Heap after GC invocations=1934 (full 3):
 PSYoungGen      total 17408K, used 1011K [0x00000000d5580000, 0x00000000d6b80000, 0x0000000100000000)
  eden space 16384K, 0% used [0x00000000d5580000,0x00000000d5580000,0x00000000d6580000)
  from space 1024K, 98% used [0x00000000d6780000,0x00000000d687cca0,0x00000000d6880000)
  to   space 3072K, 0% used [0x00000000d6880000,0x00000000d6880000,0x00000000d6b80000)
 ParOldGen       total 826368K, used 826015K [0x0000000080000000, 0x00000000b2700000, 0x00000000d5580000)
  object space 826368K, 99% used [0x0000000080000000,0x00000000b26a7ce0,0x00000000b2700000)
 Metaspace       used 64315K, committed 66176K, reserved 1114112K
  class space    used 7419K, committed 8256K, reserved 1048576K
}
Event: 98.928 GC heap before
{Heap before GC invocations=1935 (full 3):
 PSYoungGen      total 17408K, used 17394K [0x00000000d5580000, 0x00000000d6b80000, 0x0000000100000000)
  eden space 16384K, 99% used [0x00000000d5580000,0x00000000d657fe08,0x00000000d6580000)
  from space 1024K, 98% used [0x00000000d6780000,0x00000000d687cca0,0x00000000d6880000)
  to   space 3072K, 0% used [0x00000000d6880000,0x00000000d6880000,0x00000000d6b80000)
 ParOldGen       total 826368K, used 826015K [0x0000000080000000, 0x00000000b2700000, 0x00000000d5580000)
  object space 826368K, 99% used [0x0000000080000000,0x00000000b26a7ce0,0x00000000b2700000)
 Metaspace       used 64317K, committed 66176K, reserved 1114112K
  class space    used 7419K, committed 8256K, reserved 1048576K
}
Event: 98.933 GC heap after
{Heap after GC invocations=1935 (full 3):
 PSYoungGen      total 17920K, used 1120K [0x00000000d5580000, 0x00000000d6a00000, 0x0000000100000000)
  eden space 16384K, 0% used [0x00000000d5580000,0x00000000d5580000,0x00000000d6580000)
  from space 1536K, 72% used [0x00000000d6880000,0x00000000d6998020,0x00000000d6a00000)
  to   space 2048K, 0% used [0x00000000d6600000,0x00000000d6600000,0x00000000d6800000)
 ParOldGen       total 827392K, used 826910K [0x0000000080000000, 0x00000000b2800000, 0x00000000d5580000)
  object space 827392K, 99% used [0x0000000080000000,0x00000000b2787b10,0x00000000b2800000)
 Metaspace       used 64317K, committed 66176K, reserved 1114112K
  class space    used 7419K, committed 8256K, reserved 1048576K
}
Event: 99.816 GC heap before
{Heap before GC invocations=1936 (full 3):
 PSYoungGen      total 17920K, used 17504K [0x00000000d5580000, 0x00000000d6a00000, 0x0000000100000000)
  eden space 16384K, 100% used [0x00000000d5580000,0x00000000d6580000,0x00000000d6580000)
  from space 1536K, 72% used [0x00000000d6880000,0x00000000d6998020,0x00000000d6a00000)
  to   space 2048K, 0% used [0x00000000d6600000,0x00000000d6600000,0x00000000d6800000)
 ParOldGen       total 827392K, used 826910K [0x0000000080000000, 0x00000000b2800000, 0x00000000d5580000)
  object space 827392K, 99% used [0x0000000080000000,0x00000000b2787b10,0x00000000b2800000)
 Metaspace       used 64319K, committed 66176K, reserved 1114112K
  class space    used 7419K, committed 8256K, reserved 1048576K
}
Event: 99.825 GC heap after
{Heap after GC invocations=1936 (full 3):
 PSYoungGen      total 17920K, used 1170K [0x00000000d5580000, 0x00000000d6900000, 0x0000000100000000)
  eden space 16384K, 0% used [0x00000000d5580000,0x00000000d5580000,0x00000000d6580000)
  from space 1536K, 76% used [0x00000000d6600000,0x00000000d6724930,0x00000000d6780000)
  to   space 1536K, 0% used [0x00000000d6780000,0x00000000d6780000,0x00000000d6900000)
 ParOldGen       total 827904K, used 827848K [0x0000000080000000, 0x00000000b2880000, 0x00000000d5580000)
  object space 827904K, 99% used [0x0000000080000000,0x00000000b2872368,0x00000000b2880000)
 Metaspace       used 64319K, committed 66176K, reserved 1114112K
  class space    used 7419K, committed 8256K, reserved 1048576K
}
Event: 100.935 GC heap before
{Heap before GC invocations=1937 (full 3):
 PSYoungGen      total 17920K, used 17554K [0x00000000d5580000, 0x00000000d6900000, 0x0000000100000000)
  eden space 16384K, 99% used [0x00000000d5580000,0x00000000d657fff0,0x00000000d6580000)
  from space 1536K, 76% used [0x00000000d6600000,0x00000000d6724930,0x00000000d6780000)
  to   space 1536K, 0% used [0x00000000d6780000,0x00000000d6780000,0x00000000d6900000)
 ParOldGen       total 827904K, used 827848K [0x0000000080000000, 0x00000000b2880000, 0x00000000d5580000)
  object space 827904K, 99% used [0x0000000080000000,0x00000000b2872368,0x00000000b2880000)
 Metaspace       used 64320K, committed 66176K, reserved 1114112K
  class space    used 7419K, committed 8256K, reserved 1048576K
}
Event: 100.941 GC heap after
{Heap after GC invocations=1937 (full 3):
 PSYoungGen      total 16896K, used 288K [0x00000000d5580000, 0x00000000d6800000, 0x0000000100000000)
  eden space 16384K, 0% used [0x00000000d5580000,0x00000000d5580000,0x00000000d6580000)
  from space 512K, 56% used [0x00000000d6780000,0x00000000d67c8000,0x00000000d6800000)
  to   space 1024K, 0% used [0x00000000d6600000,0x00000000d6600000,0x00000000d6700000)
 ParOldGen       total 828416K, used 828129K [0x0000000080000000, 0x00000000b2900000, 0x00000000d5580000)
  object space 828416K, 99% used [0x0000000080000000,0x00000000b28b8428,0x00000000b2900000)
 Metaspace       used 64320K, committed 66176K, reserved 1114112K
  class space    used 7419K, committed 8256K, reserved 1048576K
}
Event: 102.129 GC heap before
{Heap before GC invocations=1938 (full 3):
 PSYoungGen      total 16896K, used 16671K [0x00000000d5580000, 0x00000000d6800000, 0x0000000100000000)
  eden space 16384K, 99% used [0x00000000d5580000,0x00000000d657ffc8,0x00000000d6580000)
  from space 512K, 56% used [0x00000000d6780000,0x00000000d67c8000,0x00000000d6800000)
  to   space 1024K, 0% used [0x00000000d6600000,0x00000000d6600000,0x00000000d6700000)
 ParOldGen       total 828416K, used 828129K [0x0000000080000000, 0x00000000b2900000, 0x00000000d5580000)
  object space 828416K, 99% used [0x0000000080000000,0x00000000b28b8428,0x00000000b2900000)
 Metaspace       used 64326K, committed 66176K, reserved 1114112K
  class space    used 7419K, committed 8256K, reserved 1048576K
}
Event: 102.141 GC heap after
{Heap after GC invocations=1938 (full 3):
 PSYoungGen      total 17408K, used 1011K [0x00000000d5580000, 0x00000000d6a80000, 0x0000000100000000)
  eden space 16384K, 0% used [0x00000000d5580000,0x00000000d5580000,0x00000000d6580000)
  from space 1024K, 98% used [0x00000000d6600000,0x00000000d66fcca0,0x00000000d6700000)
  to   space 2560K, 0% used [0x00000000d6800000,0x00000000d6800000,0x00000000d6a80000)
 ParOldGen       total 829440K, used 829130K [0x0000000080000000, 0x00000000b2a00000, 0x00000000d5580000)
  object space 829440K, 99% used [0x0000000080000000,0x00000000b29b2bf0,0x00000000b2a00000)
 Metaspace       used 64326K, committed 66176K, reserved 1114112K
  class space    used 7419K, committed 8256K, reserved 1048576K
}
Event: 103.156 GC heap before
{Heap before GC invocations=1939 (full 3):
 PSYoungGen      total 17408K, used 17395K [0x00000000d5580000, 0x00000000d6a80000, 0x0000000100000000)
  eden space 16384K, 100% used [0x00000000d5580000,0x00000000d6580000,0x00000000d6580000)
  from space 1024K, 98% used [0x00000000d6600000,0x00000000d66fcca0,0x00000000d6700000)
  to   space 2560K, 0% used [0x00000000d6800000,0x00000000d6800000,0x00000000d6a80000)
 ParOldGen       total 829440K, used 829130K [0x0000000080000000, 0x00000000b2a00000, 0x00000000d5580000)
  object space 829440K, 99% used [0x0000000080000000,0x00000000b29b2bf0,0x00000000b2a00000)
 Metaspace       used 64334K, committed 66176K, reserved 1114112K
  class space    used 7420K, committed 8256K, reserved 1048576K
}
Event: 103.160 GC heap after
{Heap after GC invocations=1939 (full 3):
 PSYoungGen      total 16896K, used 320K [0x00000000d5580000, 0x00000000d6880000, 0x0000000100000000)
  eden space 16384K, 0% used [0x00000000d5580000,0x00000000d5580000,0x00000000d6580000)
  from space 512K, 62% used [0x00000000d6800000,0x00000000d6850020,0x00000000d6880000)
  to   space 1024K, 0% used [0x00000000d6680000,0x00000000d6680000,0x00000000d6780000)
 ParOldGen       total 829440K, used 829283K [0x0000000080000000, 0x00000000b2a00000, 0x00000000d5580000)
  object space 829440K, 99% used [0x0000000080000000,0x00000000b29d8c50,0x00000000b2a00000)
 Metaspace       used 64334K, committed 66176K, reserved 1114112K
  class space    used 7420K, committed 8256K, reserved 1048576K
}
Event: 104.321 GC heap before
{Heap before GC invocations=1940 (full 3):
 PSYoungGen      total 16896K, used 16704K [0x00000000d5580000, 0x00000000d6880000, 0x0000000100000000)
  eden space 16384K, 100% used [0x00000000d5580000,0x00000000d6580000,0x00000000d6580000)
  from space 512K, 62% used [0x00000000d6800000,0x00000000d6850020,0x00000000d6880000)
  to   space 1024K, 0% used [0x00000000d6680000,0x00000000d6680000,0x00000000d6780000)
 ParOldGen       total 829440K, used 829283K [0x0000000080000000, 0x00000000b2a00000, 0x00000000d5580000)
  object space 829440K, 99% used [0x0000000080000000,0x00000000b29d8c50,0x00000000b2a00000)
 Metaspace       used 64341K, committed 66176K, reserved 1114112K
  class space    used 7420K, committed 8256K, reserved 1048576K
}
Event: 104.325 GC heap after
{Heap after GC invocations=1940 (full 3):
 PSYoungGen      total 17408K, used 634K [0x00000000d5580000, 0x00000000d6880000, 0x0000000100000000)
  eden space 16384K, 0% used [0x00000000d5580000,0x00000000d5580000,0x00000000d6580000)
  from space 1024K, 61% used [0x00000000d6680000,0x00000000d671ea90,0x00000000d6780000)
  to   space 1024K, 0% used [0x00000000d6780000,0x00000000d6780000,0x00000000d6880000)
 ParOldGen       total 829952K, used 829479K [0x0000000080000000, 0x00000000b2a80000, 0x00000000d5580000)
  object space 829952K, 99% used [0x0000000080000000,0x00000000b2a09cf0,0x00000000b2a80000)
 Metaspace       used 64341K, committed 66176K, reserved 1114112K
  class space    used 7420K, committed 8256K, reserved 1048576K
}

Dll operation events (20 events):
Event: 0.315 Attempting to load shared library C:\Users\sampa\.vscode\extensions\redhat.java-1.56.0-win32-x64\jre\21.0.12.1-win32-x86_64\bin\nio.dll
Event: 0.316 Loaded shared library C:\Users\sampa\.vscode\extensions\redhat.java-1.56.0-win32-x64\jre\21.0.12.1-win32-x86_64\bin\nio.dll
Event: 0.323 Attempting to load shared library C:\Users\sampa\.vscode\extensions\redhat.java-1.56.0-win32-x64\jre\21.0.12.1-win32-x86_64\bin\zip.dll
Event: 0.323 Loaded shared library C:\Users\sampa\.vscode\extensions\redhat.java-1.56.0-win32-x64\jre\21.0.12.1-win32-x86_64\bin\zip.dll
Event: 0.375 Attempting to load shared library C:\Users\sampa\.vscode\extensions\redhat.java-1.56.0-win32-x64\jre\21.0.12.1-win32-x86_64\bin\jimage.dll
Event: 0.375 Loaded shared library C:\Users\sampa\.vscode\extensions\redhat.java-1.56.0-win32-x64\jre\21.0.12.1-win32-x86_64\bin\jimage.dll
Event: 0.521 Attempting to load shared library c:\Users\sampa\.vscode\extensions\redhat.java-1.56.0-win32-x64\jre\21.0.12.1-win32-x86_64\bin\verify.dll
Event: 0.521 Loaded shared library c:\Users\sampa\.vscode\extensions\redhat.java-1.56.0-win32-x64\jre\21.0.12.1-win32-x86_64\bin\verify.dll
Event: 3.896 Attempting to load shared library C:\Users\sampa\AppData\Roaming\Code\User\globalStorage\redhat.java\1.56.0\config_win\org.eclipse.equinox.launcher\org.eclipse.equinox.launcher.win32.win32.x86_64_1.3.100.v20260804-1928\eclipse_11924.dll
Event: 3.898 Loaded shared library C:\Users\sampa\AppData\Roaming\Code\User\globalStorage\redhat.java\1.56.0\config_win\org.eclipse.equinox.launcher\org.eclipse.equinox.launcher.win32.win32.x86_64_1.3.100.v20260804-1928\eclipse_11924.dll
Event: 14.319 Attempting to load shared library C:\Users\sampa\AppData\Local\Temp\jna-109202960\jna10236770834714592888.dll
Event: 14.719 Loaded shared library C:\Users\sampa\AppData\Local\Temp\jna-109202960\jna10236770834714592888.dll
Event: 32.013 Attempting to load shared library C:\Users\sampa\.gradle\native\660c5614fbf4a5f2a75b1949f50a0caf5cd603558e7d8a26e50b933a0cfb79d1\windows-amd64\native-platform.dll
Event: 32.013 Loaded shared library C:\Users\sampa\.gradle\native\660c5614fbf4a5f2a75b1949f50a0caf5cd603558e7d8a26e50b933a0cfb79d1\windows-amd64\native-platform.dll
Event: 33.902 Attempting to load shared library C:\Users\sampa\.vscode\extensions\redhat.java-1.56.0-win32-x64\jre\21.0.12.1-win32-x86_64\bin\management.dll
Event: 33.902 Loaded shared library C:\Users\sampa\.vscode\extensions\redhat.java-1.56.0-win32-x64\jre\21.0.12.1-win32-x86_64\bin\management.dll
Event: 33.909 Attempting to load shared library C:\Users\sampa\.vscode\extensions\redhat.java-1.56.0-win32-x64\jre\21.0.12.1-win32-x86_64\bin\management_ext.dll
Event: 33.909 Loaded shared library C:\Users\sampa\.vscode\extensions\redhat.java-1.56.0-win32-x64\jre\21.0.12.1-win32-x86_64\bin\management_ext.dll
Event: 91.175 Attempting to load shared library C:\Users\sampa\.vscode\extensions\redhat.java-1.56.0-win32-x64\jre\21.0.12.1-win32-x86_64\bin\extnet.dll
Event: 91.175 Loaded shared library C:\Users\sampa\.vscode\extensions\redhat.java-1.56.0-win32-x64\jre\21.0.12.1-win32-x86_64\bin\extnet.dll

Deoptimization events (20 events):
Event: 104.891 Thread 0x0000027ef3e66700 Uncommon trap: trap_request=0xffffffc6 fr.pc=0x0000027ed64d36f0 relative=0x0000000000000130
Event: 104.891 Thread 0x0000027ef3e66700 Uncommon trap: reason=bimorphic_or_optimized_type_check action=maybe_recompile pc=0x0000027ed64d36f0 method=java.lang.Character.codePointBefore(Ljava/lang/CharSequence;I)I @ 5 c2
Event: 104.891 Thread 0x0000027ef3e66700 DEOPT PACKING pc=0x0000027ed64d36f0 sp=0x000000ef2fffe8a0
Event: 104.891 Thread 0x0000027ef3e66700 DEOPT UNPACKING pc=0x0000027ed5b53aa2 sp=0x000000ef2fffe838 mode 2
Event: 104.891 Thread 0x0000027ef3e66700 Uncommon trap: trap_request=0xffffffc6 fr.pc=0x0000027ed64d36f0 relative=0x0000000000000130
Event: 104.891 Thread 0x0000027ef3e66700 Uncommon trap: reason=bimorphic_or_optimized_type_check action=maybe_recompile pc=0x0000027ed64d36f0 method=java.lang.Character.codePointBefore(Ljava/lang/CharSequence;I)I @ 5 c2
Event: 104.891 Thread 0x0000027ef3e66700 DEOPT PACKING pc=0x0000027ed64d36f0 sp=0x000000ef2fffe8a0
Event: 104.891 Thread 0x0000027ef3e66700 DEOPT UNPACKING pc=0x0000027ed5b53aa2 sp=0x000000ef2fffe838 mode 2
Event: 104.891 Thread 0x0000027ef3e66700 Uncommon trap: trap_request=0xffffffc6 fr.pc=0x0000027ed6aa53c0 relative=0x0000000000000a40
Event: 104.892 Thread 0x0000027ef3e66700 Uncommon trap: reason=bimorphic_or_optimized_type_check action=maybe_recompile pc=0x0000027ed6aa53c0 method=java.lang.Character.codePointBefore(Ljava/lang/CharSequence;I)I @ 5 c2
Event: 104.892 Thread 0x0000027ef3e66700 DEOPT PACKING pc=0x0000027ed6aa53c0 sp=0x000000ef2fffe900
Event: 104.892 Thread 0x0000027ef3e66700 DEOPT UNPACKING pc=0x0000027ed5b53aa2 sp=0x000000ef2fffe838 mode 2
Event: 104.892 Thread 0x0000027ef3e66700 Uncommon trap: trap_request=0xffffffc6 fr.pc=0x0000027ed64d36f0 relative=0x0000000000000130
Event: 104.892 Thread 0x0000027ef3e66700 Uncommon trap: reason=bimorphic_or_optimized_type_check action=maybe_recompile pc=0x0000027ed64d36f0 method=java.lang.Character.codePointBefore(Ljava/lang/CharSequence;I)I @ 5 c2
Event: 104.892 Thread 0x0000027ef3e66700 DEOPT PACKING pc=0x0000027ed64d36f0 sp=0x000000ef2fffe8a0
Event: 104.892 Thread 0x0000027ef3e66700 DEOPT UNPACKING pc=0x0000027ed5b53aa2 sp=0x000000ef2fffe838 mode 2
Event: 104.893 Thread 0x0000027ef3e66700 Uncommon trap: trap_request=0xffffffbe fr.pc=0x0000027ed6593db0 relative=0x0000000000000870
Event: 104.893 Thread 0x0000027ef3e66700 Uncommon trap: reason=profile_predicate action=maybe_recompile pc=0x0000027ed6593db0 method=java.util.regex.Pattern$CharPropertyGreedy.match(Ljava/util/regex/Matcher;ILjava/lang/CharSequence;)Z @ 12 c2
Event: 104.893 Thread 0x0000027ef3e66700 DEOPT PACKING pc=0x0000027ed6593db0 sp=0x000000ef2fffe8e0
Event: 104.893 Thread 0x0000027ef3e66700 DEOPT UNPACKING pc=0x0000027ed5b53aa2 sp=0x000000ef2fffe8c0 mode 2

Classes loaded (20 events):
Event: 92.938 Loading class java/nio/charset/CharacterCodingException
Event: 92.938 Loading class java/nio/charset/CharacterCodingException done
Event: 93.301 Loading class java/lang/ProcessBuilder
Event: 93.302 Loading class java/lang/ProcessBuilder done
Event: 93.305 Loading class java/lang/ProcessImpl
Event: 93.306 Loading class java/lang/ProcessImpl done
Event: 93.369 Loading class java/lang/ProcessImpl$2
Event: 93.369 Loading class java/lang/ProcessImpl$2 done
Event: 93.369 Loading class java/lang/Process$PipeInputStream
Event: 93.370 Loading class java/lang/Process$PipeInputStream done
Event: 93.507 Loading class java/lang/ProcessBuilder$NullInputStream
Event: 93.508 Loading class java/lang/ProcessBuilder$NullInputStream done
Event: 93.508 Loading class jdk/internal/event/ProcessStartEvent
Event: 93.508 Loading class jdk/internal/event/ProcessStartEvent done
Event: 93.527 Loading class java/util/Scanner
Event: 93.532 Loading class java/util/Scanner done
Event: 93.534 Loading class java/util/Scanner$PatternLRUCache
Event: 93.534 Loading class java/util/Scanner$PatternLRUCache done
Event: 102.715 Loading class java/util/regex/Matcher$ImmutableMatchResult
Event: 102.722 Loading class java/util/regex/Matcher$ImmutableMatchResult done

Classes unloaded (7 events):
Event: 16.702 Thread 0x0000027ee1d8a4d0 Unloading class 0x0000027e811a3800 'java/lang/invoke/LambdaForm$MH+0x0000027e811a3800'
Event: 16.702 Thread 0x0000027ee1d8a4d0 Unloading class 0x0000027e811a3400 'java/lang/invoke/LambdaForm$MH+0x0000027e811a3400'
Event: 16.702 Thread 0x0000027ee1d8a4d0 Unloading class 0x0000027e811a3000 'java/lang/invoke/LambdaForm$MH+0x0000027e811a3000'
Event: 16.702 Thread 0x0000027ee1d8a4d0 Unloading class 0x0000027e811a2c00 'java/lang/invoke/LambdaForm$MH+0x0000027e811a2c00'
Event: 16.702 Thread 0x0000027ee1d8a4d0 Unloading class 0x0000027e811a2800 'java/lang/invoke/LambdaForm$BMH+0x0000027e811a2800'
Event: 16.702 Thread 0x0000027ee1d8a4d0 Unloading class 0x0000027e811a2400 'java/lang/invoke/LambdaForm$DMH+0x0000027e811a2400'
Event: 16.702 Thread 0x0000027ee1d8a4d0 Unloading class 0x0000027e811a1000 'java/lang/invoke/LambdaForm$DMH+0x0000027e811a1000'

Classes redefined (0 events):
No events

Internal exceptions (20 events):
Event: 99.327 Thread 0x0000027ef3e76d80 Exception <a 'sun/nio/fs/WindowsException'{0x00000000d6018748}> (0x00000000d6018748) 
thrown [s\src\hotspot\share\prims\jni.cpp, line 520]
Event: 99.327 Thread 0x0000027ef3e76d80 Exception <a 'sun/nio/fs/WindowsException'{0x00000000d60190d8}> (0x00000000d60190d8) 
thrown [s\src\hotspot\share\prims\jni.cpp, line 520]
Event: 102.199 Thread 0x0000027ee97d3020 Exception <a 'sun/nio/fs/WindowsException'{0x00000000d5758c60}> (0x00000000d5758c60) 
thrown [s\src\hotspot\share\prims\jni.cpp, line 520]
Event: 102.199 Thread 0x0000027ee97d3020 Exception <a 'sun/nio/fs/WindowsException'{0x00000000d57593a8}> (0x00000000d57593a8) 
thrown [s\src\hotspot\share\prims\jni.cpp, line 520]
Event: 102.200 Thread 0x0000027ee97d3020 Exception <a 'sun/nio/fs/WindowsException'{0x00000000d575a0f0}> (0x00000000d575a0f0) 
thrown [s\src\hotspot\share\prims\jni.cpp, line 520]
Event: 102.200 Thread 0x0000027ee97d3020 Exception <a 'sun/nio/fs/WindowsException'{0x00000000d575a818}> (0x00000000d575a818) 
thrown [s\src\hotspot\share\prims\jni.cpp, line 520]
Event: 102.201 Thread 0x0000027ee97d3020 Exception <a 'sun/nio/fs/WindowsException'{0x00000000d575bfb0}> (0x00000000d575bfb0) 
thrown [s\src\hotspot\share\prims\jni.cpp, line 520]
Event: 102.201 Thread 0x0000027ee97d3020 Exception <a 'sun/nio/fs/WindowsException'{0x00000000d575c6d8}> (0x00000000d575c6d8) 
thrown [s\src\hotspot\share\prims\jni.cpp, line 520]
Event: 103.738 Thread 0x0000027ee97ad420 Exception <a 'sun/nio/fs/WindowsException'{0x00000000d61122e0}> (0x00000000d61122e0) 
thrown [s\src\hotspot\share\prims\jni.cpp, line 520]
Event: 103.739 Thread 0x0000027ee97ad420 Exception <a 'sun/nio/fs/WindowsException'{0x00000000d6112a28}> (0x00000000d6112a28) 
thrown [s\src\hotspot\share\prims\jni.cpp, line 520]
Event: 103.739 Thread 0x0000027ee97ad420 Exception <a 'sun/nio/fs/WindowsException'{0x00000000d6113770}> (0x00000000d6113770) 
thrown [s\src\hotspot\share\prims\jni.cpp, line 520]
Event: 103.739 Thread 0x0000027ee97ad420 Exception <a 'sun/nio/fs/WindowsException'{0x00000000d6113e98}> (0x00000000d6113e98) 
thrown [s\src\hotspot\share\prims\jni.cpp, line 520]
Event: 103.740 Thread 0x0000027ee97ad420 Exception <a 'sun/nio/fs/WindowsException'{0x00000000d6115630}> (0x00000000d6115630) 
thrown [s\src\hotspot\share\prims\jni.cpp, line 520]
Event: 103.740 Thread 0x0000027ee97ad420 Exception <a 'sun/nio/fs/WindowsException'{0x00000000d6115d58}> (0x00000000d6115d58) 
thrown [s\src\hotspot\share\prims\jni.cpp, line 520]
Event: 103.745 Thread 0x0000027ee97a6490 Exception <a 'sun/nio/fs/WindowsException'{0x00000000d62bddc8}> (0x00000000d62bddc8) 
thrown [s\src\hotspot\share\prims\jni.cpp, line 520]
Event: 103.745 Thread 0x0000027ee97a6490 Exception <a 'sun/nio/fs/WindowsException'{0x00000000d62be510}> (0x00000000d62be510) 
thrown [s\src\hotspot\share\prims\jni.cpp, line 520]
Event: 103.745 Thread 0x0000027ee97a6490 Exception <a 'sun/nio/fs/WindowsException'{0x00000000d62bf270}> (0x00000000d62bf270) 
thrown [s\src\hotspot\share\prims\jni.cpp, line 520]
Event: 103.745 Thread 0x0000027ee97a6490 Exception <a 'sun/nio/fs/WindowsException'{0x00000000d62bf998}> (0x00000000d62bf998) 
thrown [s\src\hotspot\share\prims\jni.cpp, line 520]
Event: 103.746 Thread 0x0000027ee97a6490 Exception <a 'sun/nio/fs/WindowsException'{0x00000000d62c1148}> (0x00000000d62c1148) 
thrown [s\src\hotspot\share\prims\jni.cpp, line 520]
Event: 103.746 Thread 0x0000027ee97a6490 Exception <a 'sun/nio/fs/WindowsException'{0x00000000d62c1870}> (0x00000000d62c1870) 
thrown [s\src\hotspot\share\prims\jni.cpp, line 520]

ZGC Phase Switch (0 events):
No events

VM Operations (20 events):
Event: 96.783 Executing safepoint VM operation: Cleanup
Event: 96.806 Executing safepoint VM operation: Cleanup done
Event: 96.901 Executing safepoint VM operation: ParallelGCFailedAllocation (Allocation Failure)
Event: 97.021 Executing safepoint VM operation: ParallelGCFailedAllocation (Allocation Failure) done
Event: 97.416 Executing safepoint VM operation: ParallelGCFailedAllocation (Allocation Failure)
Event: 97.546 Executing safepoint VM operation: ParallelGCFailedAllocation (Allocation Failure) done
Event: 97.839 Executing safepoint VM operation: ParallelGCFailedAllocation (Allocation Failure)
Event: 97.973 Executing safepoint VM operation: ParallelGCFailedAllocation (Allocation Failure) done
Event: 98.928 Executing safepoint VM operation: ParallelGCFailedAllocation (Allocation Failure)
Event: 98.933 Executing safepoint VM operation: ParallelGCFailedAllocation (Allocation Failure) done
Event: 99.628 Executing safepoint VM operation: ParallelGCFailedAllocation (Allocation Failure)
Event: 99.825 Executing safepoint VM operation: ParallelGCFailedAllocation (Allocation Failure) done
Event: 100.934 Executing safepoint VM operation: ParallelGCFailedAllocation (Allocation Failure)
Event: 100.941 Executing safepoint VM operation: ParallelGCFailedAllocation (Allocation Failure) done
Event: 101.858 Executing safepoint VM operation: ParallelGCFailedAllocation (Allocation Failure)
Event: 102.141 Executing safepoint VM operation: ParallelGCFailedAllocation (Allocation Failure) done
Event: 102.761 Executing safepoint VM operation: ParallelGCFailedAllocation (Allocation Failure)
Event: 103.160 Executing safepoint VM operation: ParallelGCFailedAllocation (Allocation Failure) done
Event: 103.756 Executing safepoint VM operation: ParallelGCFailedAllocation (Allocation Failure)
Event: 104.325 Executing safepoint VM operation: ParallelGCFailedAllocation (Allocation Failure) done

Memory protections (0 events):
No events

Nmethod flushes (20 events):
Event: 45.563 Thread 0x0000027ee1d8a4d0 flushing  nmethod 0x0000027ecef6c010
Event: 45.563 Thread 0x0000027ee1d8a4d0 flushing  nmethod 0x0000027ecef6c990
Event: 45.563 Thread 0x0000027ee1d8a4d0 flushing  nmethod 0x0000027ecef6fe10
Event: 45.563 Thread 0x0000027ee1d8a4d0 flushing  nmethod 0x0000027ecef72190
Event: 45.563 Thread 0x0000027ee1d8a4d0 flushing  nmethod 0x0000027ecef75490
Event: 45.563 Thread 0x0000027ee1d8a4d0 flushing  nmethod 0x0000027ecef76110
Event: 45.563 Thread 0x0000027ee1d8a4d0 flushing  nmethod 0x0000027ecef7b710
Event: 45.563 Thread 0x0000027ee1d8a4d0 flushing  nmethod 0x0000027ecef81a10
Event: 45.563 Thread 0x0000027ee1d8a4d0 flushing  nmethod 0x0000027ecefa3990
Event: 45.563 Thread 0x0000027ee1d8a4d0 flushing  nmethod 0x0000027ecefa7190
Event: 45.563 Thread 0x0000027ee1d8a4d0 flushing  nmethod 0x0000027ecefae990
Event: 45.563 Thread 0x0000027ee1d8a4d0 flushing  nmethod 0x0000027ecefb2490
Event: 45.563 Thread 0x0000027ee1d8a4d0 flushing  nmethod 0x0000027ecefb3390
Event: 45.563 Thread 0x0000027ee1d8a4d0 flushing  nmethod 0x0000027ecefcb110
Event: 45.563 Thread 0x0000027ee1d8a4d0 flushing  nmethod 0x0000027ecf00c710
Event: 45.563 Thread 0x0000027ee1d8a4d0 flushing  nmethod 0x0000027ecf00cd10
Event: 45.563 Thread 0x0000027ee1d8a4d0 flushing  nmethod 0x0000027ecf00dd90
Event: 45.563 Thread 0x0000027ee1d8a4d0 flushing  nmethod 0x0000027ecf00e610
Event: 45.563 Thread 0x0000027ee1d8a4d0 flushing  nmethod 0x0000027ecf00e990
Event: 45.563 Thread 0x0000027ee1d8a4d0 flushing  nmethod 0x0000027ecf010110

Events (20 events):
Event: 102.160 Thread 0x0000027ee97ad420 Thread added: 0x0000027ee97ae7d0
Event: 102.166 Thread 0x0000027ef3e5f770 Thread added: 0x0000027ee97afb80
Event: 102.195 Thread 0x0000027ee97ab9e0 Thread exited: 0x0000027ee97ab9e0
Event: 102.246 Thread 0x0000027ee97d3020 Thread added: 0x0000027ee97ab9e0
Event: 102.698 Thread 0x0000027ee97ae140 Thread exited: 0x0000027ee97ae140
Event: 102.700 Thread 0x0000027ee97ae7d0 Thread added: 0x0000027ee97aee60
Event: 102.728 Thread 0x0000027ee97ae7d0 Thread added: 0x0000027ee97af4f0
Event: 102.742 Thread 0x0000027ee97ae7d0 Thread added: 0x0000027ee97ae140
Event: 102.744 Thread 0x0000027ee97ae7d0 Thread added: 0x0000027ee97b0210
Event: 103.165 Thread 0x0000027ee97aee60 Thread exited: 0x0000027ee97aee60
Event: 103.183 Thread 0x0000027ee97ab9e0 Thread added: 0x0000027ee97aee60
Event: 103.718 Thread 0x0000027ee97b0210 Thread exited: 0x0000027ee97b0210
Event: 103.719 Thread 0x0000027ee97ae7d0 Thread added: 0x0000027ee97b0210
Event: 103.723 Thread 0x0000027ee97af4f0 Thread exited: 0x0000027ee97af4f0
Event: 104.333 Thread 0x0000027ee97a7840 Thread added: 0x0000027ee97af4f0
Event: 104.333 Thread 0x0000027ee97a7840 Thread added: 0x0000027ee97b08a0
Event: 104.337 Thread 0x0000027ee97b0210 Thread added: 0x0000027ee97b0f30
Event: 104.341 Thread 0x0000027ee97ad420 Thread added: 0x0000027ee97a9fa0
Event: 104.350 Thread 0x0000027ee97a6490 Thread added: 0x0000027ee97b15c0
Event: 104.393 Thread 0x0000027ee97b0210 Thread exited: 0x0000027ee97b0210


Dynamic libraries:
0x00007ff798480000 - 0x00007ff79848e000 	c:\Users\sampa\.vscode\extensions\redhat.java-1.56.0-win32-x64\jre\21.0.12.1-win32-x86_64\bin\java.exe
0x00007ffedbc50000 - 0x00007ffedbe48000 	C:\WINDOWS\SYSTEM32\ntdll.dll
0x00007ffeda230000 - 0x00007ffeda2f2000 	C:\WINDOWS\System32\KERNEL32.DLL
0x00007ffed9490000 - 0x00007ffed9786000 	C:\WINDOWS\System32\KERNELBASE.dll
0x00007ffed9390000 - 0x00007ffed9490000 	C:\WINDOWS\System32\ucrtbase.dll
0x00007ffed1950000 - 0x00007ffed1968000 	c:\Users\sampa\.vscode\extensions\redhat.java-1.56.0-win32-x64\jre\21.0.12.1-win32-x86_64\bin\jli.dll
0x00007ffed2f30000 - 0x00007ffed2f4e000 	c:\Users\sampa\.vscode\extensions\redhat.java-1.56.0-win32-x64\jre\21.0.12.1-win32-x86_64\bin\VCRUNTIME140.dll
0x00007ffeda980000 - 0x00007ffedab21000 	C:\WINDOWS\System32\USER32.dll
0x00007ffed9c40000 - 0x00007ffed9c62000 	C:\WINDOWS\System32\win32u.dll
0x00007ffecdb40000 - 0x00007ffecdddb000 	C:\WINDOWS\WinSxS\amd64_microsoft.windows.common-controls_6595b64144ccf1df_6.0.19041.6456_none_60b8a6cb71f64256\COMCTL32.dll
0x00007ffedb720000 - 0x00007ffedb74b000 	C:\WINDOWS\System32\GDI32.dll
0x00007ffed9db0000 - 0x00007ffed9e4e000 	C:\WINDOWS\System32\msvcrt.dll
0x00007ffed9b20000 - 0x00007ffed9c39000 	C:\WINDOWS\System32\gdi32full.dll
0x00007ffed9790000 - 0x00007ffed982d000 	C:\WINDOWS\System32\msvcp_win.dll
0x00007ffedb750000 - 0x00007ffedb77f000 	C:\WINDOWS\System32\IMM32.DLL
0x00007ffed1940000 - 0x00007ffed194c000 	c:\Users\sampa\.vscode\extensions\redhat.java-1.56.0-win32-x64\jre\21.0.12.1-win32-x86_64\bin\vcruntime140_1.dll
0x00007ffed1010000 - 0x00007ffed109d000 	c:\Users\sampa\.vscode\extensions\redhat.java-1.56.0-win32-x64\jre\21.0.12.1-win32-x86_64\bin\msvcp140.dll
0x00007ffe96e30000 - 0x00007ffe97bd2000 	c:\Users\sampa\.vscode\extensions\redhat.java-1.56.0-win32-x64\jre\21.0.12.1-win32-x86_64\bin\server\jvm.dll
0x00007ffeda100000 - 0x00007ffeda1b1000 	C:\WINDOWS\System32\ADVAPI32.dll
0x00007ffed9e50000 - 0x00007ffed9eef000 	C:\WINDOWS\System32\sechost.dll
0x00007ffeda860000 - 0x00007ffeda980000 	C:\WINDOWS\System32\RPCRT4.dll
0x00007ffed9a60000 - 0x00007ffed9a87000 	C:\WINDOWS\System32\bcrypt.dll
0x00007ffeda7f0000 - 0x00007ffeda85b000 	C:\WINDOWS\System32\WS2_32.dll
0x00007ffed8870000 - 0x00007ffed88bb000 	C:\WINDOWS\SYSTEM32\POWRPROF.dll
0x00007ffece800000 - 0x00007ffece827000 	C:\WINDOWS\SYSTEM32\WINMM.dll
0x00007ffed0390000 - 0x00007ffed039a000 	C:\WINDOWS\SYSTEM32\VERSION.dll
0x00007ffed86e0000 - 0x00007ffed86f2000 	C:\WINDOWS\SYSTEM32\UMPDC.dll
0x00007ffed7330000 - 0x00007ffed7342000 	C:\WINDOWS\SYSTEM32\kernel.appcore.dll
0x00007ffed1930000 - 0x00007ffed193a000 	c:\Users\sampa\.vscode\extensions\redhat.java-1.56.0-win32-x64\jre\21.0.12.1-win32-x86_64\bin\jimage.dll
0x00007ffed67c0000 - 0x00007ffed69c1000 	C:\WINDOWS\SYSTEM32\DBGHELP.DLL
0x00007ffecbf40000 - 0x00007ffecbf74000 	C:\WINDOWS\SYSTEM32\dbgcore.DLL
0x00007ffed9a90000 - 0x00007ffed9b12000 	C:\WINDOWS\System32\bcryptPrimitives.dll
0x00007ffed0ee0000 - 0x00007ffed0eef000 	c:\Users\sampa\.vscode\extensions\redhat.java-1.56.0-win32-x64\jre\21.0.12.1-win32-x86_64\bin\instrument.dll
0x00007ffed14e0000 - 0x00007ffed1500000 	c:\Users\sampa\.vscode\extensions\redhat.java-1.56.0-win32-x64\jre\21.0.12.1-win32-x86_64\bin\java.dll
0x00007ffedafb0000 - 0x00007ffedb720000 	C:\WINDOWS\System32\SHELL32.dll
0x00007ffed7350000 - 0x00007ffed7af5000 	C:\WINDOWS\SYSTEM32\windows.storage.dll
0x00007ffedb8b0000 - 0x00007ffedbc04000 	C:\WINDOWS\System32\combase.dll
0x00007ffed8d10000 - 0x00007ffed8d3b000 	C:\WINDOWS\SYSTEM32\Wldp.dll
0x00007ffed9c80000 - 0x00007ffed9d4d000 	C:\WINDOWS\System32\OLEAUT32.dll
0x00007ffeda600000 - 0x00007ffeda6ad000 	C:\WINDOWS\System32\SHCORE.dll
0x00007ffeda5a0000 - 0x00007ffeda5fb000 	C:\WINDOWS\System32\shlwapi.dll
0x00007ffed9210000 - 0x00007ffed9234000 	C:\WINDOWS\SYSTEM32\profapi.dll
0x00007ffed1330000 - 0x00007ffed1348000 	c:\Users\sampa\.vscode\extensions\redhat.java-1.56.0-win32-x64\jre\21.0.12.1-win32-x86_64\bin\zip.dll
0x00007ffed1920000 - 0x00007ffed1930000 	C:\Users\sampa\.vscode\extensions\redhat.java-1.56.0-win32-x64\jre\21.0.12.1-win32-x86_64\bin\net.dll
0x00007ffecf2b0000 - 0x00007ffecf3ba000 	C:\WINDOWS\SYSTEM32\WINHTTP.dll
0x00007ffed8a70000 - 0x00007ffed8ada000 	C:\WINDOWS\system32\mswsock.dll
0x00007ffed1310000 - 0x00007ffed1326000 	C:\Users\sampa\.vscode\extensions\redhat.java-1.56.0-win32-x64\jre\21.0.12.1-win32-x86_64\bin\nio.dll
0x00007ffed0ed0000 - 0x00007ffed0ee0000 	c:\Users\sampa\.vscode\extensions\redhat.java-1.56.0-win32-x64\jre\21.0.12.1-win32-x86_64\bin\verify.dll
0x00007ffeac6b0000 - 0x00007ffeac6f5000 	C:\Users\sampa\AppData\Roaming\Code\User\globalStorage\redhat.java\1.56.0\config_win\org.eclipse.equinox.launcher\org.eclipse.equinox.launcher.win32.win32.x86_64_1.3.100.v20260804-1928\eclipse_11924.dll
0x00007ffedb780000 - 0x00007ffedb8ab000 	C:\WINDOWS\System32\ole32.dll
0x00007ffed8c60000 - 0x00007ffed8c78000 	C:\WINDOWS\SYSTEM32\CRYPTSP.dll
0x00007ffed8320000 - 0x00007ffed8358000 	C:\WINDOWS\system32\rsaenh.dll
0x00007ffed9190000 - 0x00007ffed91be000 	C:\WINDOWS\SYSTEM32\USERENV.dll
0x00007ffed8c80000 - 0x00007ffed8c8c000 	C:\WINDOWS\SYSTEM32\CRYPTBASE.dll
0x00007ffed8700000 - 0x00007ffed873b000 	C:\WINDOWS\SYSTEM32\IPHLPAPI.DLL
0x00007ffed9c70000 - 0x00007ffed9c78000 	C:\WINDOWS\System32\NSI.dll
0x00007ffeac410000 - 0x00007ffeac459000 	C:\Users\sampa\AppData\Local\Temp\jna-109202960\jna10236770834714592888.dll
0x00007ffedafa0000 - 0x00007ffedafa8000 	C:\WINDOWS\System32\PSAPI.DLL
0x00007ffecf590000 - 0x00007ffecf5a7000 	C:\WINDOWS\SYSTEM32\dhcpcsvc6.DLL
0x00007ffecf980000 - 0x00007ffecf99d000 	C:\WINDOWS\SYSTEM32\dhcpcsvc.DLL
0x00007ffeace50000 - 0x00007ffeace77000 	C:\Users\sampa\.gradle\native\660c5614fbf4a5f2a75b1949f50a0caf5cd603558e7d8a26e50b933a0cfb79d1\windows-amd64\native-platform.dll
0x00007ffed2f20000 - 0x00007ffed2f2a000 	C:\Users\sampa\.vscode\extensions\redhat.java-1.56.0-win32-x64\jre\21.0.12.1-win32-x86_64\bin\management.dll
0x00007ffed1100000 - 0x00007ffed110c000 	C:\Users\sampa\.vscode\extensions\redhat.java-1.56.0-win32-x64\jre\21.0.12.1-win32-x86_64\bin\management_ext.dll
0x00007ffed0fd0000 - 0x00007ffed0fd9000 	C:\Users\sampa\.vscode\extensions\redhat.java-1.56.0-win32-x64\jre\21.0.12.1-win32-x86_64\bin\extnet.dll

JVMTI agents:
c:\Users\sampa\.vscode\extensions\redhat.java-1.56.0-win32-x64\lombok\lombok-1.18.39-4050.jar path:c:\Users\sampa\.vscode\extensions\redhat.java-1.56.0-win32-x64\jre\21.0.12.1-win32-x86_64\bin\instrument.dll, loaded, initialized, instrumentlib options:none

dbghelp: loaded successfully - version: 4.0.5 - missing functions: none
symbol engine: initialized successfully - sym options: 0x614 - pdb path: .;c:\Users\sampa\.vscode\extensions\redhat.java-1.56.0-win32-x64\jre\21.0.12.1-win32-x86_64\bin;C:\WINDOWS\SYSTEM32;C:\WINDOWS\WinSxS\amd64_microsoft.windows.common-controls_6595b64144ccf1df_6.0.19041.6456_none_60b8a6cb71f64256;c:\Users\sampa\.vscode\extensions\redhat.java-1.56.0-win32-x64\jre\21.0.12.1-win32-x86_64\bin\server;C:\Users\sampa\AppData\Roaming\Code\User\globalStorage\redhat.java\1.56.0\config_win\org.eclipse.equinox.launcher\org.eclipse.equinox.launcher.win32.win32.x86_64_1.3.100.v20260804-1928;C:\Users\sampa\AppData\Local\Temp\jna-109202960;C:\Users\sampa\.gradle\native\660c5614fbf4a5f2a75b1949f50a0caf5cd603558e7d8a26e50b933a0cfb79d1\windows-amd64

VM Arguments:
jvm_args: --add-modules=ALL-SYSTEM --add-opens=java.base/java.util=ALL-UNNAMED --add-opens=java.base/java.lang=ALL-UNNAMED --add-opens=java.base/sun.nio.fs=ALL-UNNAMED -Declipse.application=org.eclipse.jdt.ls.core.id1 -Dosgi.bundles.defaultStartLevel=4 -Declipse.product=org.eclipse.jdt.ls.core.product -Djava.import.generatesMetadataFilesAtProjectRoot=false -Dm2e.project.cache.size=50 -DDetectVMInstallationsJob.disabled=true -Dfile.encoding=utf8 -XX:+UseParallelGC -XX:GCTimeRatio=4 -XX:AdaptiveSizePolicyWeight=90 -Dsun.zip.disableMemoryMapping=true -Xmx2G -Xms100m -Xlog:disable -javaagent:c:\Users\sampa\.vscode\extensions\redhat.java-1.56.0-win32-x64\lombok\lombok-1.18.39-4050.jar -XX:+HeapDumpOnOutOfMemoryError -XX:HeapDumpPath=c:\Users\sampa\AppData\Roaming\Code\User\workspaceStorage\b45dcb98c3812985cc0ef0cda4b99330\redhat.java -Daether.dependencyCollector.impl=bf 
java_command: c:\Users\sampa\.vscode\extensions\redhat.java-1.56.0-win32-x64\server\plugins\org.eclipse.equinox.launcher_1.8.0.v20260804-1928.jar -configuration c:\Users\sampa\AppData\Roaming\Code\User\globalStorage\redhat.java\1.56.0\config_win -data c:\Users\sampa\AppData\Roaming\Code\User\workspaceStorage\b45dcb98c3812985cc0ef0cda4b99330\redhat.java\jdt_ws --stdio
java_class_path (initial): c:\Users\sampa\.vscode\extensions\redhat.java-1.56.0-win32-x64\server\plugins\org.eclipse.equinox.launcher_1.8.0.v20260804-1928.jar
Launcher Type: SUN_STANDARD

[Global flags]
    uintx AdaptiveSizePolicyWeight                 = 90                                        {product} {command line}
     intx CICompilerCount                          = 3                                         {product} {ergonomic}
    uintx GCTimeRatio                              = 4                                         {product} {command line}
     bool HeapDumpOnOutOfMemoryError               = true                                   {manageable} {command line}
    ccstr HeapDumpPath                             = c:\Users\sampa\AppData\Roaming\Code\User\workspaceStorage\b45dcb98c3812985cc0ef0cda4b99330\redhat.java         {manageable} {command line}
   size_t InitialHeapSize                          = 104857600                                 {product} {command line}
   size_t MaxHeapSize                              = 2147483648                                {product} {command line}
   size_t MaxNewSize                               = 715653120                                 {product} {ergonomic}
   size_t MinHeapDeltaBytes                        = 524288                                    {product} {ergonomic}
   size_t MinHeapSize                              = 104857600                                 {product} {command line}
   size_t NewSize                                  = 34603008                                  {product} {ergonomic}
    uintx NonNMethodCodeHeapSize                   = 5832780                                {pd product} {ergonomic}
    uintx NonProfiledCodeHeapSize                  = 122912730                              {pd product} {ergonomic}
   size_t OldSize                                  = 70254592                                  {product} {ergonomic}
    uintx ProfiledCodeHeapSize                     = 122912730                              {pd product} {ergonomic}
    uintx ReservedCodeCacheSize                    = 251658240                              {pd product} {ergonomic}
     bool SegmentedCodeCache                       = true                                      {product} {ergonomic}
   size_t SoftMaxHeapSize                          = 2147483648                             {manageable} {ergonomic}
     bool UseCompressedOops                        = true                           {product lp64_product} {ergonomic}
     bool UseLargePagesIndividualAllocation        = false                                  {pd product} {ergonomic}
     bool UseParallelGC                            = true                                      {product} {command line}

Logging:
Log output configuration:
 #0: stdout all=off uptime,level,tags foldmultilines=false
 #1: stderr all=off uptime,level,tags foldmultilines=false

Release file:
JAVA_VERSION="21.0.12.1" 
MODULES="java.base java.compiler java.datatransfer java.xml java.prefs java.desktop java.instrument java.logging java.management java.security.sasl java.naming java.rmi java.management.rmi java.net.http java.scripting java.security.jgss java.transaction.xa java.sql java.sql.rowset java.xml.crypto java.se java.smartcardio jdk.accessibility jdk.internal.jvmstat jdk.attach jdk.charsets jdk.internal.opt jdk.zipfs jdk.compiler jdk.crypto.ec jdk.crypto.cryptoki jdk.crypto.mscapi jdk.dynalink jdk.internal.ed jdk.editpad jdk.hotspot.agent jdk.httpserver jdk.internal.le jdk.internal.vm.ci jdk.internal.vm.compiler jdk.internal.vm.compiler.management jdk.jartool jdk.javadoc jdk.jcmd jdk.management jdk.management.agent jdk.jconsole jdk.jdeps jdk.jdwp.agent jdk.jdi jdk.jfr jdk.jshell jdk.jsobject jdk.jstatd jdk.localedata jdk.management.jfr jdk.naming.dns jdk.naming.rmi jdk.net jdk.nio.mapmode jdk.random jdk.sctp jdk.security.auth jdk.security.jgss jdk.unsupported jdk.unsupported.desktop jdk.xml.dom" 

Environment Variables:
JAVA_HOME=C:\Program Files\Eclipse Adoptium\jdk-17.0.20.101-hotspot\
PATH=C:\Program Files\Eclipse Adoptium\jdk-17.0.20.101-hotspot\bin;C:\WINDOWS\system32;C:\WINDOWS;C:\WINDOWS\System32\Wbem;C:\WINDOWS\System32\WindowsPowerShell\v1.0\;C:\WINDOWS\System32\OpenSSH\;C:\Program Files\MySQL\MySQL Server 8.4\bin;C:\Program Files (x86)\Microsoft SQL Server\170\Tools\Binn\;C:\Program Files\Microsoft SQL Server\170\Tools\Binn\;C:\Program Files\Microsoft SQL Server\Client SDK\ODBC\180\Tools\Binn\;C:\Program Files\Microsoft SQL Server\170\DTS\Binn\;C:\Users\sampa\AppData\Local\Microsoft\WindowsApps;C:\Users\sampa\AppData\Local\Programs\Microsoft VS Code\bin
USERNAME=sampa
OS=Windows_NT
PROCESSOR_IDENTIFIER=Intel64 Family 6 Model 61 Stepping 4, GenuineIntel
TMP=C:\Users\sampa\AppData\Local\Temp
TEMP=C:\Users\sampa\AppData\Local\Temp




Periodic native trim disabled

---------------  S Y S T E M  ---------------

OS:
 Windows 10 , 64 bit Build 19041 (10.0.19041.5915)
OS uptime: 0 days 0:17 hours

CPU: total 4 (initial active 4) (2 cores per cpu, 2 threads per core) family 6 model 61 stepping 4 microcode 0x2d, cx8, cmov, fxsr, ht, mmx, 3dnowpref, sse, sse2, sse3, ssse3, sse4.1, sse4.2, popcnt, lzcnt, tsc, tscinvbit, avx, avx2, aes, erms, clmul, bmi1, bmi2, rtm, adx, fma, vzeroupper, clflush, rdtscp, f16c
Processor Information for the first 4 processors :
  Max Mhz: 2295, Current Mhz: 2295, Mhz Limit: 2295

Memory: 4k page, system-wide physical 8080M (164M free)
TotalPageFile size 20946M (AvailPageFile size 54M)
current process WorkingSet (physical memory assigned to process): 643M, peak: 1072M
current process commit charge ("private bytes"): 1141M, peak: 1157M

vm_info: OpenJDK 64-Bit Server VM (21.0.12.1+1-LTS) for windows-amd64 JRE (21.0.12.1+1-LTS), built on 2026-08-18T00:00:00Z by "admin" with MS VC++ 17.12 (VS2022)

END.
