#
# There is insufficient memory for the Java Runtime Environment to continue.
# Native memory allocation (malloc) failed to allocate 323856 bytes. Error detail: Chunk::new
# Possible reasons:
#   The system is out of physical RAM or swap space
#   This process is running with CompressedOops enabled, and the Java Heap may be blocking the growth of the native heap
# Possible solutions:
#   Reduce memory load on the system
#   Increase physical memory or swap space
#   Check if swap backing store is full
#   Decrease Java heap size (-Xmx/-Xms)
#   Decrease number of Java threads
#   Decrease Java thread stack sizes (-Xss)
#   Set larger code cache with -XX:ReservedCodeCacheSize=
#   JVM is running with Unscaled Compressed Oops mode in which the Java heap is
#     placed in the first 4GB address space. The Java Heap base address is the
#     maximum limit for the native heap growth. Please use -XX:HeapBaseMinAddress
#     to set the Java Heap base and to place the Java Heap above 4GB virtual address.
# This output file may be truncated or incomplete.
#
#  Out of Memory Error (arena.cpp:168), pid=27504, tid=38336
#
# JRE version: OpenJDK Runtime Environment Temurin-21.0.12.1+1 (21.0.12.1+1) (build 21.0.12.1+1-LTS)
# Java VM: OpenJDK 64-Bit Server VM Temurin-21.0.12.1+1 (21.0.12.1+1-LTS, mixed mode, sharing, tiered, compressed oops, compressed class ptrs, parallel gc, windows-amd64)
# No core dump will be written. Minidumps are not enabled by default on client versions of Windows
#

---------------  S U M M A R Y ------------

Command Line: --add-modules=ALL-SYSTEM --add-opens=java.base/java.util=ALL-UNNAMED --add-opens=java.base/java.lang=ALL-UNNAMED --add-opens=java.base/sun.nio.fs=ALL-UNNAMED -Declipse.application=org.eclipse.jdt.ls.core.id1 -Dosgi.bundles.defaultStartLevel=4 -Declipse.product=org.eclipse.jdt.ls.core.product -Djava.import.generatesMetadataFilesAtProjectRoot=false -Dm2e.project.cache.size=50 -DDetectVMInstallationsJob.disabled=true -Dfile.encoding=utf8 -XX:+UseParallelGC -XX:GCTimeRatio=4 -XX:AdaptiveSizePolicyWeight=90 -Dsun.zip.disableMemoryMapping=true -Xmx2G -Xms100m -Xlog:disable -javaagent:c:\Users\sampa\.vscode\extensions\redhat.java-1.56.0-win32-x64\lombok\lombok-1.18.39-4050.jar -XX:+HeapDumpOnOutOfMemoryError -XX:HeapDumpPath=c:\Users\sampa\AppData\Roaming\Code\User\workspaceStorage\b45dcb98c3812985cc0ef0cda4b99330\redhat.java -Daether.dependencyCollector.impl=bf c:\Users\sampa\.vscode\extensions\redhat.java-1.56.0-win32-x64\server\plugins\org.eclipse.equinox.launcher_1.8.0.v20260804-1928.jar -configuration c:\Users\sampa\AppData\Roaming\Code\User\globalStorage\redhat.java\1.56.0\config_win -data c:\Users\sampa\AppData\Roaming\Code\User\workspaceStorage\b45dcb98c3812985cc0ef0cda4b99330\redhat.java\jdt_ws --stdio

Host: Intel(R) Core(TM) i5-5300U CPU @ 2.30GHz, 4 cores, 7G,  Windows 10 , 64 bit Build 19041 (10.0.19041.5915)
Time: Thu Sep 10 22:01:03 2026 India Standard Time elapsed time: 130.946440 seconds (0d 0h 2m 10s)

---------------  T H R E A D  ---------------

Current thread (0x000002e6a2bc4e30):  JavaThread "C2 CompilerThread0" daemon [_thread_in_native, id=38336, stack(0x000000f93b700000,0x000000f93b800000) (1024K)]


Current CompileTask:
C2:130946 11308       4       org.eclipse.jdt.internal.core.JavaProject$ModuleLookup::addTransitive (71 bytes)

Stack: [0x000000f93b700000,0x000000f93b800000]
Native frames: (J=compiled Java code, j=interpreted, Vv=VM code, C=native code)
V  [jvm.dll+0x6d83e9]
V  [jvm.dll+0x8b5736]
V  [jvm.dll+0x8b7cee]
V  [jvm.dll+0x8b83d3]
V  [jvm.dll+0x284596]
V  [jvm.dll+0xc685d]
V  [jvm.dll+0xc6da1]
V  [jvm.dll+0x2fb5ae]
V  [jvm.dll+0x5fee94]
V  [jvm.dll+0x255d67]
V  [jvm.dll+0x24e2ca]
V  [jvm.dll+0x24bbe6]
V  [jvm.dll+0x1cb4ae]
V  [jvm.dll+0x25baad]
V  [jvm.dll+0x25a03a]
V  [jvm.dll+0x3f8aae]
V  [jvm.dll+0x8600cd]
V  [jvm.dll+0x6d6c1d]
C  [ucrtbase.dll+0x21bb2]
C  [KERNEL32.DLL+0x17374]
C  [ntdll.dll+0x4cc91]


---------------  P R O C E S S  ---------------

Threads class SMR info:
_java_thread_list=0x000002e6ecb70350, length=246, elements={
0x000002e68c1d2e80, 0x000002e6a2bb9620, 0x000002e6a2bbaf30, 0x000002e6a2bc09e0,
0x000002e6a2bc1700, 0x000002e6a2bc2420, 0x000002e6a2bc3ff0, 0x000002e6a2bc4e30,
0x000002e6a2c33df0, 0x000002e6e4998c70, 0x000002e6e4aec670, 0x000002e6e90b8f20,
0x000002e6e4ab9140, 0x000002e6e4c159a0, 0x000002e6e92dbc10, 0x000002e6e9740840,
0x000002e6e9c9fe10, 0x000002e6e4aafc20, 0x000002e6e94c1e60, 0x000002e6e94c24f0,
0x000002e6e94bf700, 0x000002e6e94c17d0, 0x000002e6e94c0420, 0x000002e6e94bf070,
0x000002e6e94c1140, 0x000002e6ec253ae0, 0x000002e6ec253450, 0x000002e6ec24f2b0,
0x000002e6ec254170, 0x000002e6ec24f940, 0x000002e6ec255bb0, 0x000002e6ec254800,
0x000002e6ec254e90, 0x000002e6ec255520, 0x000002e6ec24ffd0, 0x000002e6ec251380,
0x000002e6ec251a10, 0x000002e6ec252730, 0x000002e6ec256240, 0x000002e6ec252dc0,
0x000002e6ec2520a0, 0x000002e6ed392400, 0x000002e6ed391050, 0x000002e6ed393120,
0x000002e6ed390330, 0x000002e6ed392a90, 0x000002e6ed3937b0, 0x000002e6ed3916e0,
0x000002e6ec250cf0, 0x000002e6eb839af0, 0x000002e6eb83a180, 0x000002e6eb83aea0,
0x000002e6eb838dd0, 0x000002e6eb8380b0, 0x000002e6eb838740, 0x000002e6eb83a810,
0x000002e6eb835fe0, 0x000002e6eb835950, 0x000002e6eb83b530, 0x000002e6eb836d00,
0x000002e6eb839460, 0x000002e6eb837390, 0x000002e6eb837a20, 0x000002e6eb83c250,
0x000002e6eb83bbc0, 0x000002e6eb83c8e0, 0x000002e6ed391d70, 0x000002e6e94c0ab0,
0x000002e6edb8cf80, 0x000002e6edb8c260, 0x000002e6edb8bbd0, 0x000002e6edb90a90,
0x000002e6edb8f6e0, 0x000002e6edb8aeb0, 0x000002e6edb91120, 0x000002e6edb8c8f0,
0x000002e6edb924d0, 0x000002e6edb91e40, 0x000002e6edb8dca0, 0x000002e6edb90400,
0x000002e6edb8e9c0, 0x000002e6edb8b540, 0x000002e6edb8d610, 0x000002e6edb8f050,
0x000002e6edb8fd70, 0x000002e6ec4b9130, 0x000002e6ec4bed10, 0x000002e6ec4bcc40,
0x000002e6ec4bab70, 0x000002e6ec4bf3a0, 0x000002e6ec4bd960, 0x000002e6ec4b97c0,
0x000002e6ec4bfa30, 0x000002e6ec4bc5b0, 0x000002e6ec4be680, 0x000002e6ec4bbf20,
0x000002e6ec4ba4e0, 0x000002e6ec4c00c0, 0x000002e6ec4bb200, 0x000002e6ec4bd2d0,
0x000002e6ec4b9e50, 0x000002e6ec4bb890, 0x000002e6edb917b0, 0x000002e6eb3156a0,
0x000002e6eb315d30, 0x000002e6eb3135d0, 0x000002e6eb312f40, 0x000002e6eb313c60,
0x000002e6eb3128b0, 0x000002e6eb314980, 0x000002e6eb3142f0, 0x000002e6eb315010,
0x000002e6ec4bdff0, 0x000002e6ec4c0750, 0x000002e6ed4999e0, 0x000002e6ed499350,
0x000002e6ed498cc0, 0x000002e6ed496bf0, 0x000002e6ed497280, 0x000002e6ebc1e6e0,
0x000002e6ebc1abd0, 0x000002e6ebc1b260, 0x000002e6ebc1ed70, 0x000002e6ebc1b8f0,
0x000002e6ebc20120, 0x000002e6ebc1cca0, 0x000002e6ebc1c610, 0x000002e6ebc19820,
0x000002e6ebc1bf80, 0x000002e6ebc19eb0, 0x000002e6ebc1d9c0, 0x000002e6ed498630,
0x000002e6ec2b74e0, 0x000002e6ec2b4060, 0x000002e6ec2b6e50, 0x000002e6ec2b5410,
0x000002e6ec2b6130, 0x000002e6ec2b46f0, 0x000002e6ec2b67c0, 0x000002e6ec2b4d80,
0x000002e6ebc1d330, 0x000002e6ebc1f400, 0x000002e6ebc1fa90, 0x000002e6ebc19190,
0x000002e6ed49a070, 0x000002e6ed497910, 0x000002e6ebc1a540, 0x000002e6ebc18b00,
0x000002e6ec2b5aa0, 0x000002e6ed497fa0, 0x000002e6ed3e8f50, 0x000002e6ed3eb6b0,
0x000002e6ed3ede10, 0x000002e6ed3eb020, 0x000002e6ed3ef1c0, 0x000002e6ed3ea300,
0x000002e6ed3ea990, 0x000002e6ed3ec3d0, 0x000002e6ed3ef850, 0x000002e6ed3ebd40,
0x000002e6ed3eeb30, 0x000002e6ed3ed780, 0x000002e6ed3ee4a0, 0x000002e6ed3eca60,
0x000002e6ed3e8230, 0x000002e6ed3e88c0, 0x000002e6ed3ed0f0, 0x000002e6ebc1e050,
0x000002e6ecb2d530, 0x000002e6ecb2fc90, 0x000002e6ecb2c810, 0x000002e6ecb316d0,
0x000002e6ecb30320, 0x000002e6ecb2e250, 0x000002e6ecb32a80, 0x000002e6ecb2dbc0,
0x000002e6ecb33110, 0x000002e6ecb323f0, 0x000002e6ecb2e8e0, 0x000002e6ecb2f600,
0x000002e6ecb33e30, 0x000002e6ecb31d60, 0x000002e6ecb309b0, 0x000002e6ecb2cea0,
0x000002e6ecb337a0, 0x000002e6ecb2ef70, 0x000002e6ed3e95e0, 0x000002e6eb836670,
0x000002e6ec5baeb0, 0x000002e6ec5ba820, 0x000002e6ec5bbbd0, 0x000002e6ec5b9470,
0x000002e6ec5bc8f0, 0x000002e6ec5bf050, 0x000002e6ec5be330, 0x000002e6ec5bf6e0,
0x000002e6ec5c0a90, 0x000002e6ec5bfd70, 0x000002e6ec5bcf80, 0x000002e6ec5ba190,
0x000002e6ec5c0400, 0x000002e6ec5be9c0, 0x000002e6ec5bb540, 0x000002e6ec5c17b0,
0x000002e6ec5bd610, 0x000002e6ec5bdca0, 0x000002e6ec5b9b00, 0x000002e6ec5c1120,
0x000002e6ec5c1e40, 0x000002e6ec5c24d0, 0x000002e6ec5c31f0, 0x000002e6ec5c80b0,
0x000002e6ec5bc260, 0x000002e6ec5c7390, 0x000002e6ec5c2b60, 0x000002e6ec5c3880,
0x000002e6ec5c3f10, 0x000002e6ec5c45a0, 0x000002e6ec5c4c30, 0x000002e6ec5c52c0,
0x000002e6ec5c7a20, 0x000002e6ec5c6670, 0x000002e6ec5c6d00, 0x000002e6ed3e9c70,
0x000002e6edc07220, 0x000002e6edc04ac0, 0x000002e6edc03080, 0x000002e6edc06500,
0x000002e6edc05e70, 0x000002e6edc078b0, 0x000002e6edc07f40, 0x000002e6edc02360,
0x000002e6edc01640, 0x000002e6edc06b90, 0x000002e6edc085d0, 0x000002e6edc01cd0,
0x000002e6edc03da0, 0x000002e6edc08c60, 0x000002e6edc092f0, 0x000002e6edc057e0,
0x000002e6edc0a6a0, 0x000002e6edc0ad30, 0x000002e6edc0b3c0, 0x000002e6edc04430,
0x000002e6edc05150, 0x000002e6edc09980
}

Java Threads: ( => current thread )
  0x000002e68c1d2e80 JavaThread "main"                              [_thread_blocked, id=25604, stack(0x000000f93ad00000,0x000000f93ae00000) (1024K)]
  0x000002e6a2bb9620 JavaThread "Reference Handler"          daemon [_thread_blocked, id=17152, stack(0x000000f93b100000,0x000000f93b200000) (1024K)]
  0x000002e6a2bbaf30 JavaThread "Finalizer"                  daemon [_thread_blocked, id=35256, stack(0x000000f93b200000,0x000000f93b300000) (1024K)]
  0x000002e6a2bc09e0 JavaThread "Signal Dispatcher"          daemon [_thread_blocked, id=12708, stack(0x000000f93b300000,0x000000f93b400000) (1024K)]
  0x000002e6a2bc1700 JavaThread "Attach Listener"            daemon [_thread_blocked, id=38956, stack(0x000000f93b400000,0x000000f93b500000) (1024K)]
  0x000002e6a2bc2420 JavaThread "Service Thread"             daemon [_thread_blocked, id=3708, stack(0x000000f93b500000,0x000000f93b600000) (1024K)]
  0x000002e6a2bc3ff0 JavaThread "Monitor Deflation Thread"   daemon [_thread_blocked, id=29236, stack(0x000000f93b600000,0x000000f93b700000) (1024K)]
=>0x000002e6a2bc4e30 JavaThread "C2 CompilerThread0"         daemon [_thread_in_native, id=38336, stack(0x000000f93b700000,0x000000f93b800000) (1024K)]
  0x000002e6a2c33df0 JavaThread "C1 CompilerThread0"         daemon [_thread_in_native, id=4340, stack(0x000000f93b800000,0x000000f93b900000) (1024K)]
  0x000002e6e4998c70 JavaThread "Common-Cleaner"             daemon [_thread_blocked, id=10776, stack(0x000000f93b900000,0x000000f93ba00000) (1024K)]
  0x000002e6e4aec670 JavaThread "Notification Thread"        daemon [_thread_blocked, id=30776, stack(0x000000f93ba00000,0x000000f93bb00000) (1024K)]
  0x000002e6e90b8f20 JavaThread "Active Thread: Equinox Container: b18754c9-d9d2-4b06-b9ae-a2d1dea55617"        [_thread_blocked, id=30132, stack(0x000000f93be00000,0x000000f93bf00000) (1024K)]
  0x000002e6e4ab9140 JavaThread "Refresh Thread: Equinox Container: b18754c9-d9d2-4b06-b9ae-a2d1dea55617" daemon [_thread_blocked, id=18732, stack(0x000000f93bf00000,0x000000f93c000000) (1024K)]
  0x000002e6e4c159a0 JavaThread "Framework Event Dispatcher: Equinox Container: b18754c9-d9d2-4b06-b9ae-a2d1dea55617" daemon [_thread_blocked, id=7424, stack(0x000000f93c000000,0x000000f93c100000) (1024K)]
  0x000002e6e92dbc10 JavaThread "Start Level: Equinox Container: b18754c9-d9d2-4b06-b9ae-a2d1dea55617" daemon [_thread_blocked, id=10616, stack(0x000000f93c100000,0x000000f93c200000) (1024K)]
  0x000002e6e9740840 JavaThread "Bundle File Closer"         daemon [_thread_blocked, id=16052, stack(0x000000f93c200000,0x000000f93c300000) (1024K)]
  0x000002e6e9c9fe10 JavaThread "SCR Component Actor"        daemon [_thread_blocked, id=7428, stack(0x000000f93c300000,0x000000f93c400000) (1024K)]
  0x000002e6e4aafc20 JavaThread "Worker-JM"                         [_thread_blocked, id=2832, stack(0x000000f93c400000,0x000000f93c500000) (1024K)]
  0x000002e6e94c1e60 JavaThread "JNA Cleaner"                daemon [_thread_blocked, id=11380, stack(0x000000f93c500000,0x000000f93c600000) (1024K)]
  0x000002e6e94c24f0 JavaThread "Worker-0: Initialize workspace"        [_thread_blocked, id=36624, stack(0x000000f93c600000,0x000000f93c700000) (1024K)]
  0x000002e6e94bf700 JavaThread "Worker-1: Initialize workspace"        [_thread_blocked, id=27084, stack(0x000000f93c700000,0x000000f93c800000) (1024K)]
  0x000002e6e94c17d0 JavaThread "Worker-2: Initialize workspace"        [_thread_blocked, id=39164, stack(0x000000f93c800000,0x000000f93c900000) (1024K)]
  0x000002e6e94c0420 JavaThread "Worker-3: Initialize workspace"        [_thread_blocked, id=18844, stack(0x000000f93ca00000,0x000000f93cb00000) (1024K)]
  0x000002e6e94bf070 JavaThread "Java indexing"              daemon [_thread_blocked, id=31016, stack(0x000000f93c900000,0x000000f93ca00000) (1024K)]
  0x000002e6e94c1140 JavaThread "Worker-4: Initialize workspace"        [_thread_blocked, id=6080, stack(0x000000f93ce00000,0x000000f93cf00000) (1024K)]
  0x000002e6ec253ae0 JavaThread "Worker-5: Initialize workspace"        [_thread_blocked, id=7876, stack(0x000000f93cf00000,0x000000f93d000000) (1024K)]
  0x000002e6ec253450 JavaThread "pool-2-thread-1"                   [_thread_blocked, id=39548, stack(0x000000f93d000000,0x000000f93d100000) (1024K)]
  0x000002e6ec24f2b0 JavaThread "WorkspaceEventsHandler"            [_thread_blocked, id=7680, stack(0x000000f93d100000,0x000000f93d200000) (1024K)]
  0x000002e6ec254170 JavaThread "pool-1-thread-1"                   [_thread_in_native, id=10208, stack(0x000000f93d200000,0x000000f93d300000) (1024K)]
  0x000002e6ec24f940 JavaThread "PatternSearchJob-worker-1"  daemon [_thread_blocked, id=10368, stack(0x000000f93cc00000,0x000000f93cd00000) (1024K)]
  0x000002e6ec255bb0 JavaThread "PatternSearchJob-worker-2"  daemon [_thread_blocked, id=4532, stack(0x000000f93d300000,0x000000f93d400000) (1024K)]
  0x000002e6ec254800 JavaThread "PatternSearchJob-worker-3"  daemon [_thread_in_Java, id=15720, stack(0x000000f93d400000,0x000000f93d500000) (1024K)]
  0x000002e6ec254e90 JavaThread "Timer-0"                           [_thread_blocked, id=39664, stack(0x000000f93d600000,0x000000f93d700000) (1024K)]
  0x000002e6ec255520 JavaThread "Timer-1"                           [_thread_blocked, id=22368, stack(0x000000f93d700000,0x000000f93d800000) (1024K)]
  0x000002e6ec24ffd0 JavaThread "Timer-2"                           [_thread_blocked, id=23580, stack(0x000000f93d800000,0x000000f93d900000) (1024K)]
  0x000002e6ec251380 JavaThread "Timer-3"                           [_thread_blocked, id=12456, stack(0x000000f93d900000,0x000000f93da00000) (1024K)]
  0x000002e6ec251a10 JavaThread "Worker-6: Initialize workspace"        [_thread_blocked, id=25532, stack(0x000000f93da00000,0x000000f93db00000) (1024K)]
  0x000002e6ec252730 JavaThread "Timer-4"                           [_thread_blocked, id=14396, stack(0x000000f93db00000,0x000000f93dc00000) (1024K)]
  0x000002e6ec256240 JavaThread "Timer-5"                           [_thread_blocked, id=22480, stack(0x000000f93dc00000,0x000000f93dd00000) (1024K)]
  0x000002e6ec252dc0 JavaThread "Worker-7: Initialize workspace"        [_thread_blocked, id=20248, stack(0x000000f93dd00000,0x000000f93de00000) (1024K)]
  0x000002e6ec2520a0 JavaThread "Timer-6"                           [_thread_blocked, id=22332, stack(0x000000f93de00000,0x000000f93df00000) (1024K)]
  0x000002e6ed392400 JavaThread "Worker-8: Initialize workspace"        [_thread_blocked, id=35356, stack(0x000000f93df00000,0x000000f93e000000) (1024K)]
  0x000002e6ed391050 JavaThread "Worker-9: Initialize workspace"        [_thread_blocked, id=1520, stack(0x000000f93d500000,0x000000f93d600000) (1024K)]
  0x000002e6ed393120 JavaThread "Timer-7"                           [_thread_blocked, id=12440, stack(0x000000f93e100000,0x000000f93e200000) (1024K)]
  0x000002e6ed390330 JavaThread "Worker-10: Initialize workspace"        [_thread_blocked, id=9172, stack(0x000000f93e000000,0x000000f93e100000) (1024K)]
  0x000002e6ed392a90 JavaThread "Worker-11: Check JDK Index"        [_thread_blocked, id=1616, stack(0x000000f93e200000,0x000000f93e300000) (1024K)]
  0x000002e6ed3937b0 JavaThread "Worker-12: Initialize workspace"        [_thread_blocked, id=25024, stack(0x000000f93e300000,0x000000f93e400000) (1024K)]
  0x000002e6ed3916e0 JavaThread "Timer-8"                           [_thread_blocked, id=30572, stack(0x000000f93e500000,0x000000f93e600000) (1024K)]
  0x000002e6ec250cf0 JavaThread "Timer-9"                           [_thread_blocked, id=18216, stack(0x000000f93e600000,0x000000f93e700000) (1024K)]
  0x000002e6eb839af0 JavaThread "Timer-10"                          [_thread_blocked, id=17644, stack(0x000000f93e700000,0x000000f93e800000) (1024K)]
  0x000002e6eb83a180 JavaThread "Timer-11"                          [_thread_blocked, id=32220, stack(0x000000f93e800000,0x000000f93e900000) (1024K)]
  0x000002e6eb83aea0 JavaThread "Worker-13: Initialize workspace"        [_thread_blocked, id=3128, stack(0x000000f93e900000,0x000000f93ea00000) (1024K)]
  0x000002e6eb838dd0 JavaThread "Worker-14: Initialize workspace"        [_thread_blocked, id=25128, stack(0x000000f93e400000,0x000000f93e500000) (1024K)]
  0x000002e6eb8380b0 JavaThread "Timer-12"                          [_thread_blocked, id=12712, stack(0x000000f93eb00000,0x000000f93ec00000) (1024K)]
  0x000002e6eb838740 JavaThread "Timer-13"                          [_thread_blocked, id=39856, stack(0x000000f93ec00000,0x000000f93ed00000) (1024K)]
  0x000002e6eb83a810 JavaThread "Connection worker"                 [_thread_blocked, id=39416, stack(0x000000f93ee00000,0x000000f93ef00000) (1024K)]
  0x000002e6eb835fe0 JavaThread "Connection worker"                 [_thread_blocked, id=7312, stack(0x000000f93ef00000,0x000000f93f000000) (1024K)]
  0x000002e6eb835950 JavaThread "Connection worker"                 [_thread_blocked, id=22780, stack(0x000000f93f000000,0x000000f93f100000) (1024K)]
  0x000002e6eb83b530 JavaThread "Connection worker"                 [_thread_blocked, id=20084, stack(0x000000f93f100000,0x000000f93f200000) (1024K)]
  0x000002e6eb836d00 JavaThread "Worker-15: Initialize workspace"        [_thread_blocked, id=19152, stack(0x000000f93f200000,0x000000f93f300000) (1024K)]
  0x000002e6eb839460 JavaThread "Connection worker"                 [_thread_blocked, id=27616, stack(0x000000f93ea00000,0x000000f93eb00000) (1024K)]
  0x000002e6eb837390 JavaThread "Connection worker"                 [_thread_blocked, id=13744, stack(0x000000f93f300000,0x000000f93f400000) (1024K)]
  0x000002e6eb837a20 JavaThread "Worker-16: Initialize workspace"        [_thread_blocked, id=29344, stack(0x000000f93f400000,0x000000f93f500000) (1024K)]
  0x000002e6eb83c250 JavaThread "Timer-14"                          [_thread_blocked, id=36608, stack(0x000000f93f600000,0x000000f93f700000) (1024K)]
  0x000002e6eb83bbc0 JavaThread "Connection worker"                 [_thread_blocked, id=18176, stack(0x000000f93f500000,0x000000f93f600000) (1024K)]
  0x000002e6eb83c8e0 JavaThread "Connection worker"                 [_thread_blocked, id=36272, stack(0x000000f93f700000,0x000000f93f800000) (1024K)]
  0x000002e6ed391d70 JavaThread "Connection worker"                 [_thread_blocked, id=31140, stack(0x000000f93f800000,0x000000f93f900000) (1024K)]
  0x000002e6e94c0ab0 JavaThread "Worker-17: Initialize workspace"        [_thread_blocked, id=692, stack(0x000000f93f900000,0x000000f93fa00000) (1024K)]
  0x000002e6edb8cf80 JavaThread "Connection worker"                 [_thread_blocked, id=25256, stack(0x000000f93fa00000,0x000000f93fb00000) (1024K)]
  0x000002e6edb8c260 JavaThread "Connection worker"                 [_thread_blocked, id=14388, stack(0x000000f93fb00000,0x000000f93fc00000) (1024K)]
  0x000002e6edb8bbd0 JavaThread "Connection worker"                 [_thread_blocked, id=29920, stack(0x000000f93fc00000,0x000000f93fd00000) (1024K)]
  0x000002e6edb90a90 JavaThread "Timer-15"                          [_thread_blocked, id=21140, stack(0x000000f93fe00000,0x000000f93ff00000) (1024K)]
  0x000002e6edb8f6e0 JavaThread "Connection worker"                 [_thread_blocked, id=40576, stack(0x000000f940000000,0x000000f940100000) (1024K)]
  0x000002e6edb8aeb0 JavaThread "Connection worker"                 [_thread_blocked, id=12408, stack(0x000000f93fd00000,0x000000f93fe00000) (1024K)]
  0x000002e6edb91120 JavaThread "Worker-18: Initialize workspace"        [_thread_blocked, id=17148, stack(0x000000f93ff00000,0x000000f940000000) (1024K)]
  0x000002e6edb8c8f0 JavaThread "Timer-16"                          [_thread_blocked, id=15800, stack(0x000000f940200000,0x000000f940300000) (1024K)]
  0x000002e6edb924d0 JavaThread "Timer-17"                          [_thread_blocked, id=29384, stack(0x000000f940300000,0x000000f940400000) (1024K)]
  0x000002e6edb91e40 JavaThread "pool-13-thread-1"                  [_thread_blocked, id=12204, stack(0x000000f940500000,0x000000f940600000) (1024K)]
  0x000002e6edb8dca0 JavaThread "pool-3-thread-1"                   [_thread_blocked, id=1128, stack(0x000000f940600000,0x000000f940700000) (1024K)]
  0x000002e6edb90400 JavaThread "pool-5-thread-1"                   [_thread_blocked, id=40756, stack(0x000000f940700000,0x000000f940800000) (1024K)]
  0x000002e6edb8e9c0 JavaThread "pool-6-thread-1"                   [_thread_blocked, id=25900, stack(0x000000f940800000,0x000000f940900000) (1024K)]
  0x000002e6edb8b540 JavaThread "pool-15-thread-1"                  [_thread_blocked, id=28340, stack(0x000000f940900000,0x000000f940a00000) (1024K)]
  0x000002e6edb8d610 JavaThread "pool-16-thread-1"                  [_thread_blocked, id=22936, stack(0x000000f940a00000,0x000000f940b00000) (1024K)]
  0x000002e6edb8f050 JavaThread "pool-7-thread-1"                   [_thread_blocked, id=21872, stack(0x000000f940b00000,0x000000f940c00000) (1024K)]
  0x000002e6edb8fd70 JavaThread "pool-8-thread-1"                   [_thread_blocked, id=27248, stack(0x000000f940c00000,0x000000f940d00000) (1024K)]
  0x000002e6ec4b9130 JavaThread "pool-9-thread-1"                   [_thread_blocked, id=14196, stack(0x000000f940d00000,0x000000f940e00000) (1024K)]
  0x000002e6ec4bed10 JavaThread "pool-10-thread-1"                  [_thread_blocked, id=31644, stack(0x000000f940e00000,0x000000f940f00000) (1024K)]
  0x000002e6ec4bcc40 JavaThread "pool-17-thread-1"                  [_thread_blocked, id=31100, stack(0x000000f940f00000,0x000000f941000000) (1024K)]
  0x000002e6ec4bab70 JavaThread "pool-12-thread-1"                  [_thread_blocked, id=28860, stack(0x000000f941000000,0x000000f941100000) (1024K)]
  0x000002e6ec4bf3a0 JavaThread "Worker-19: Initialize workspace"        [_thread_blocked, id=31628, stack(0x000000f941100000,0x000000f941200000) (1024K)]
  0x000002e6ec4bd960 JavaThread "pool-11-thread-1"                  [_thread_blocked, id=17528, stack(0x000000f941200000,0x000000f941300000) (1024K)]
  0x000002e6ec4b97c0 JavaThread "pool-14-thread-1"                  [_thread_blocked, id=8636, stack(0x000000f941300000,0x000000f941400000) (1024K)]
  0x000002e6ec4bfa30 JavaThread "Connection worker"                 [_thread_blocked, id=14976, stack(0x000000f940100000,0x000000f940200000) (1024K)]
  0x000002e6ec4bc5b0 JavaThread "Timer-18"                          [_thread_blocked, id=15012, stack(0x000000f941500000,0x000000f941600000) (1024K)]
  0x000002e6ec4be680 JavaThread "Worker-20: Initialize workspace"        [_thread_blocked, id=16100, stack(0x000000f941700000,0x000000f941800000) (1024K)]
  0x000002e6ec4bbf20 JavaThread "Worker-21: Initialize workspace"        [_thread_blocked, id=14568, stack(0x000000f941400000,0x000000f941500000) (1024K)]
  0x000002e6ec4ba4e0 JavaThread "Connection worker"                 [_thread_blocked, id=9528, stack(0x000000f941800000,0x000000f941900000) (1024K)]
  0x000002e6ec4c00c0 JavaThread "pool-18-thread-1"                  [_thread_blocked, id=18548, stack(0x000000f941a00000,0x000000f941b00000) (1024K)]
  0x000002e6ec4bb200 JavaThread "Timer-19"                          [_thread_blocked, id=12864, stack(0x000000f941b00000,0x000000f941c00000) (1024K)]
  0x000002e6ec4bd2d0 JavaThread "pool-19-thread-1"                  [_thread_blocked, id=33896, stack(0x000000f941d00000,0x000000f941e00000) (1024K)]
  0x000002e6ec4b9e50 JavaThread "Exec process"                      [_thread_in_native, id=14572, stack(0x000000f941e00000,0x000000f941f00000) (1024K)]
  0x000002e6ec4bb890 JavaThread "Exec process"                      [_thread_in_native, id=31700, stack(0x000000f941f00000,0x000000f942000000) (1024K)]
  0x000002e6edb917b0 JavaThread "Exec process"                      [_thread_in_native, id=12524, stack(0x000000f942000000,0x000000f942100000) (1024K)]
  0x000002e6eb3156a0 JavaThread "Exec process"                      [_thread_in_native, id=11532, stack(0x000000f942100000,0x000000f942200000) (1024K)]
  0x000002e6eb315d30 JavaThread "Exec process"                      [_thread_in_native, id=38596, stack(0x000000f942200000,0x000000f942300000) (1024K)]
  0x000002e6eb3135d0 JavaThread "Exec process"                      [_thread_in_native, id=12740, stack(0x000000f942300000,0x000000f942400000) (1024K)]
  0x000002e6eb312f40 JavaThread "Exec process"                      [_thread_in_native, id=31580, stack(0x000000f942400000,0x000000f942500000) (1024K)]
  0x000002e6eb313c60 JavaThread "Exec process"                      [_thread_in_native, id=3964, stack(0x000000f942500000,0x000000f942600000) (1024K)]
  0x000002e6eb3128b0 JavaThread "Exec process"                      [_thread_in_native, id=25884, stack(0x000000f942600000,0x000000f942700000) (1024K)]
  0x000002e6eb314980 JavaThread "Exec process"                      [_thread_in_native, id=40880, stack(0x000000f942700000,0x000000f942800000) (1024K)]
  0x000002e6eb3142f0 JavaThread "Exec process"                      [_thread_in_native, id=10104, stack(0x000000f942800000,0x000000f942900000) (1024K)]
  0x000002e6eb315010 JavaThread "Connection worker"                 [_thread_blocked, id=29024, stack(0x000000f941900000,0x000000f941a00000) (1024K)]
  0x000002e6ec4bdff0 JavaThread "Exec process"                      [_thread_in_native, id=13768, stack(0x000000f941c00000,0x000000f941d00000) (1024K)]
  0x000002e6ec4c0750 JavaThread "Worker-22: Initialize workspace"        [_thread_blocked, id=11388, stack(0x000000f942900000,0x000000f942a00000) (1024K)]
  0x000002e6ed4999e0 JavaThread "Connection worker"                 [_thread_blocked, id=19580, stack(0x000000f942a00000,0x000000f942b00000) (1024K)]
  0x000002e6ed499350 JavaThread "Exec process"                      [_thread_in_native, id=27088, stack(0x000000f942b00000,0x000000f942c00000) (1024K)]
  0x000002e6ed498cc0 JavaThread "Exec process"                      [_thread_in_native, id=14608, stack(0x000000f942c00000,0x000000f942d00000) (1024K)]
  0x000002e6ed496bf0 JavaThread "Exec process Thread 2"             [_thread_blocked, id=8248, stack(0x000000f942e00000,0x000000f942f00000) (1024K)]
  0x000002e6ed497280 JavaThread "Exec process Thread 2"             [_thread_blocked, id=11964, stack(0x000000f943000000,0x000000f943100000) (1024K)]
  0x000002e6ebc1e6e0 JavaThread "Exec process Thread 2"             [_thread_blocked, id=23068, stack(0x000000f943300000,0x000000f943400000) (1024K)]
  0x000002e6ebc1abd0 JavaThread "Exec process Thread 2"             [_thread_blocked, id=34780, stack(0x000000f943500000,0x000000f943600000) (1024K)]
  0x000002e6ebc1b260 JavaThread "Exec process"                      [_thread_in_native, id=18308, stack(0x000000f943600000,0x000000f943700000) (1024K)]
  0x000002e6ebc1ed70 JavaThread "pool-20-thread-1"                  [_thread_blocked, id=19188, stack(0x000000f943700000,0x000000f943800000) (1024K)]
  0x000002e6ebc1b8f0 JavaThread "Exec process Thread 2"             [_thread_blocked, id=26780, stack(0x000000f942f00000,0x000000f943000000) (1024K)]
  0x000002e6ebc20120 JavaThread "Exec process Thread 2"             [_thread_blocked, id=13460, stack(0x000000f943800000,0x000000f943900000) (1024K)]
  0x000002e6ebc1cca0 JavaThread "pool-21-thread-1"                  [_thread_blocked, id=29624, stack(0x000000f943900000,0x000000f943a00000) (1024K)]
  0x000002e6ebc1c610 JavaThread "Exec process Thread 2"             [_thread_blocked, id=8816, stack(0x000000f943b00000,0x000000f943c00000) (1024K)]
  0x000002e6ebc19820 JavaThread "Exec process Thread 2"             [_thread_blocked, id=17824, stack(0x000000f943d00000,0x000000f943e00000) (1024K)]
  0x000002e6ebc1bf80 JavaThread "Exec process"                      [_thread_in_native, id=30932, stack(0x000000f943e00000,0x000000f943f00000) (1024K)]
  0x000002e6ebc19eb0 JavaThread "Exec process Thread 2"             [_thread_blocked, id=20448, stack(0x000000f944000000,0x000000f944100000) (1024K)]
  0x000002e6ebc1d9c0 JavaThread "Exec process Thread 2"             [_thread_blocked, id=38216, stack(0x000000f944200000,0x000000f944300000) (1024K)]
  0x000002e6ed498630 JavaThread "Exec process Thread 2"             [_thread_blocked, id=23188, stack(0x000000f944400000,0x000000f944500000) (1024K)]
  0x000002e6ec2b74e0 JavaThread "Exec process Thread 2"             [_thread_blocked, id=31836, stack(0x000000f944600000,0x000000f944700000) (1024K)]
  0x000002e6ec2b4060 JavaThread "Exec process Thread 2"             [_thread_blocked, id=22668, stack(0x000000f944800000,0x000000f944900000) (1024K)]
  0x000002e6ec2b6e50 JavaThread "Exec process Thread 2"             [_thread_blocked, id=11960, stack(0x000000f944a00000,0x000000f944b00000) (1024K)]
  0x000002e6ec2b5410 JavaThread "Timer-20"                          [_thread_blocked, id=15860, stack(0x000000f944b00000,0x000000f944c00000) (1024K)]
  0x000002e6ec2b6130 JavaThread "Exec process Thread 2"             [_thread_blocked, id=40732, stack(0x000000f943100000,0x000000f943200000) (1024K)]
  0x000002e6ec2b46f0 JavaThread "Exec process"                      [_thread_in_native, id=11896, stack(0x000000f943200000,0x000000f943300000) (1024K)]
  0x000002e6ec2b67c0 JavaThread "Connection worker"                 [_thread_blocked, id=26452, stack(0x000000f943400000,0x000000f943500000) (1024K)]
  0x000002e6ec2b4d80 JavaThread "Exec process"                      [_thread_in_native, id=13740, stack(0x000000f943a00000,0x000000f943b00000) (1024K)]
  0x000002e6ebc1d330 JavaThread "Timer-21"                          [_thread_blocked, id=37328, stack(0x000000f943c00000,0x000000f943d00000) (1024K)]
  0x000002e6ebc1f400 JavaThread "Exec process Thread 2"             [_thread_blocked, id=12552, stack(0x000000f944300000,0x000000f944400000) (1024K)]
  0x000002e6ebc1fa90 JavaThread "pool-22-thread-1"                  [_thread_blocked, id=26664, stack(0x000000f944500000,0x000000f944600000) (1024K)]
  0x000002e6ebc19190 JavaThread "Exec process Thread 2"             [_thread_blocked, id=17240, stack(0x000000f944900000,0x000000f944a00000) (1024K)]
  0x000002e6ed49a070 JavaThread "Exec process Thread 2"             [_thread_blocked, id=7420, stack(0x000000f944e00000,0x000000f944f00000) (1024K)]
  0x000002e6ed497910 JavaThread "Worker-23: Initialize workspace"        [_thread_blocked, id=14780, stack(0x000000f943f00000,0x000000f944000000) (1024K)]
  0x000002e6ebc1a540 JavaThread "Connection worker"                 [_thread_blocked, id=40592, stack(0x000000f942d00000,0x000000f942e00000) (1024K)]
  0x000002e6ebc18b00 JavaThread "Timer-22"                          [_thread_blocked, id=32888, stack(0x000000f944700000,0x000000f944800000) (1024K)]
  0x000002e6ec2b5aa0 JavaThread "pool-23-thread-1"                  [_thread_blocked, id=31260, stack(0x000000f944d00000,0x000000f944e00000) (1024K)]
  0x000002e6ed497fa0 JavaThread "Worker-24: Initialize workspace"        [_thread_blocked, id=36076, stack(0x000000f944c00000,0x000000f944d00000) (1024K)]
  0x000002e6ed3e8f50 JavaThread "Exec process"                      [_thread_in_native, id=39852, stack(0x000000f944100000,0x000000f944200000) (1024K)]
  0x000002e6ed3eb6b0 JavaThread "Exec process"                      [_thread_in_native, id=7672, stack(0x000000f944f00000,0x000000f945000000) (1024K)]
  0x000002e6ed3ede10 JavaThread "Connection worker"                 [_thread_blocked, id=28620, stack(0x000000f945000000,0x000000f945100000) (1024K)]
  0x000002e6ed3eb020 JavaThread "Exec process Thread 2"             [_thread_blocked, id=16532, stack(0x000000f945200000,0x000000f945300000) (1024K)]
  0x000002e6ed3ef1c0 JavaThread "pool-24-thread-1"                  [_thread_blocked, id=39128, stack(0x000000f945300000,0x000000f945400000) (1024K)]
  0x000002e6ed3ea300 JavaThread "Exec process Thread 2"             [_thread_blocked, id=11676, stack(0x000000f945500000,0x000000f945600000) (1024K)]
  0x000002e6ed3ea990 JavaThread "Worker-25: Initialize workspace"        [_thread_blocked, id=33044, stack(0x000000f945600000,0x000000f945700000) (1024K)]
  0x000002e6ed3ec3d0 JavaThread "Timer-23"                          [_thread_blocked, id=18904, stack(0x000000f945800000,0x000000f945900000) (1024K)]
  0x000002e6ed3ef850 JavaThread "Exec process"                      [_thread_in_native, id=20472, stack(0x000000f945a00000,0x000000f945b00000) (1024K)]
  0x000002e6ed3ebd40 JavaThread "Connection worker"                 [_thread_blocked, id=21672, stack(0x000000f945100000,0x000000f945200000) (1024K)]
  0x000002e6ed3eeb30 JavaThread "Exec process Thread 2"             [_thread_blocked, id=27116, stack(0x000000f945700000,0x000000f945800000) (1024K)]
  0x000002e6ed3ed780 JavaThread "pool-25-thread-1"                  [_thread_blocked, id=13104, stack(0x000000f945900000,0x000000f945a00000) (1024K)]
  0x000002e6ed3ee4a0 JavaThread "Timer-24"                          [_thread_blocked, id=24788, stack(0x000000f945b00000,0x000000f945c00000) (1024K)]
  0x000002e6ed3eca60 JavaThread "Worker-26: Initialize workspace"        [_thread_blocked, id=20724, stack(0x000000f945c00000,0x000000f945d00000) (1024K)]
  0x000002e6ed3e8230 JavaThread "Exec process"                      [_thread_in_native, id=9656, stack(0x000000f945400000,0x000000f945500000) (1024K)]
  0x000002e6ed3e88c0 JavaThread "Connection worker"                 [_thread_blocked, id=16708, stack(0x000000f945d00000,0x000000f945e00000) (1024K)]
  0x000002e6ed3ed0f0 JavaThread "Exec process Thread 2"             [_thread_blocked, id=26808, stack(0x000000f945f00000,0x000000f946000000) (1024K)]
  0x000002e6ebc1e050 JavaThread "Timer-25"                          [_thread_blocked, id=32232, stack(0x000000f946100000,0x000000f946200000) (1024K)]
  0x000002e6ecb2d530 JavaThread "pool-26-thread-1"                  [_thread_blocked, id=6444, stack(0x000000f945e00000,0x000000f945f00000) (1024K)]
  0x000002e6ecb2fc90 JavaThread "Exec process"                      [_thread_in_native, id=36360, stack(0x000000f946300000,0x000000f946400000) (1024K)]
  0x000002e6ecb2c810 JavaThread "Worker-27: Initialize workspace"        [_thread_blocked, id=36248, stack(0x000000f946200000,0x000000f946300000) (1024K)]
  0x000002e6ecb316d0 JavaThread "Connection worker"                 [_thread_blocked, id=20212, stack(0x000000f946000000,0x000000f946100000) (1024K)]
  0x000002e6ecb30320 JavaThread "Worker-28: Initialize workspace"        [_thread_blocked, id=1172, stack(0x000000f946400000,0x000000f946500000) (1024K)]
  0x000002e6ecb2e250 JavaThread "Timer-26"                          [_thread_blocked, id=3212, stack(0x000000f946600000,0x000000f946700000) (1024K)]
  0x000002e6ecb32a80 JavaThread "Exec process Thread 2"             [_thread_blocked, id=18716, stack(0x000000f946900000,0x000000f946a00000) (1024K)]
  0x000002e6ecb2dbc0 JavaThread "pool-27-thread-1"                  [_thread_blocked, id=16400, stack(0x000000f946500000,0x000000f946600000) (1024K)]
  0x000002e6ecb33110 JavaThread "Connection worker"                 [_thread_blocked, id=32660, stack(0x000000f946700000,0x000000f946800000) (1024K)]
  0x000002e6ecb323f0 JavaThread "Exec process"                      [_thread_in_native, id=39100, stack(0x000000f946800000,0x000000f946900000) (1024K)]
  0x000002e6ecb2e8e0 JavaThread "Worker-29: Initialize workspace"        [_thread_blocked, id=22092, stack(0x000000f946a00000,0x000000f946b00000) (1024K)]
  0x000002e6ecb2f600 JavaThread "Exec process Thread 2"             [_thread_blocked, id=37728, stack(0x000000f946d00000,0x000000f946e00000) (1024K)]
  0x000002e6ecb33e30 JavaThread "pool-28-thread-1"                  [_thread_blocked, id=18484, stack(0x000000f946e00000,0x000000f946f00000) (1024K)]
  0x000002e6ecb31d60 JavaThread "Exec process"                      [_thread_in_native, id=35732, stack(0x000000f946c00000,0x000000f946d00000) (1024K)]
  0x000002e6ecb309b0 JavaThread "Exec process Thread 2"             [_thread_blocked, id=36108, stack(0x000000f947000000,0x000000f947100000) (1024K)]
  0x000002e6ecb2cea0 JavaThread "Timer-27"                          [_thread_blocked, id=19432, stack(0x000000f946f00000,0x000000f947000000) (1024K)]
  0x000002e6ecb337a0 JavaThread "Connection worker"                 [_thread_blocked, id=8688, stack(0x000000f940400000,0x000000f940500000) (1024K)]
  0x000002e6ecb2ef70 JavaThread "pool-29-thread-1"                  [_thread_blocked, id=38840, stack(0x000000f946b00000,0x000000f946c00000) (1024K)]
  0x000002e6ed3e95e0 JavaThread "Worker-30: Initialize workspace"        [_thread_blocked, id=2568, stack(0x000000f947100000,0x000000f947200000) (1024K)]
  0x000002e6eb836670 JavaThread "Timer-28"                          [_thread_blocked, id=6616, stack(0x000000f947300000,0x000000f947400000) (1024K)]
  0x000002e6ec5baeb0 JavaThread "Exec process"                      [_thread_in_native, id=10324, stack(0x000000f947500000,0x000000f947600000) (1024K)]
  0x000002e6ec5ba820 JavaThread "Connection worker"                 [_thread_blocked, id=5288, stack(0x000000f947200000,0x000000f947300000) (1024K)]
  0x000002e6ec5bbbd0 JavaThread "Exec process Thread 2"             [_thread_blocked, id=11432, stack(0x000000f947600000,0x000000f947700000) (1024K)]
  0x000002e6ec5b9470 JavaThread "Timer-29"                          [_thread_blocked, id=35024, stack(0x000000f947400000,0x000000f947500000) (1024K)]
  0x000002e6ec5bc8f0 JavaThread "pool-30-thread-1"                  [_thread_blocked, id=15264, stack(0x000000f947900000,0x000000f947a00000) (1024K)]
  0x000002e6ec5bf050 JavaThread "Worker-31: Initialize workspace"        [_thread_blocked, id=2748, stack(0x000000f947800000,0x000000f947900000) (1024K)]
  0x000002e6ec5be330 JavaThread "Connection worker"                 [_thread_blocked, id=11616, stack(0x000000f947700000,0x000000f947800000) (1024K)]
  0x000002e6ec5bf6e0 JavaThread "Worker-32: Initialize workspace"        [_thread_blocked, id=12532, stack(0x000000f947a00000,0x000000f947b00000) (1024K)]
  0x000002e6ec5c0a90 JavaThread "Timer-30"                          [_thread_blocked, id=37376, stack(0x000000f947c00000,0x000000f947d00000) (1024K)]
  0x000002e6ec5bfd70 JavaThread "pool-31-thread-1"                  [_thread_blocked, id=8740, stack(0x000000f947e00000,0x000000f947f00000) (1024K)]
  0x000002e6ec5bcf80 JavaThread "Connection worker"                 [_thread_blocked, id=224, stack(0x000000f947b00000,0x000000f947c00000) (1024K)]
  0x000002e6ec5ba190 JavaThread "pool-32-thread-1"                  [_thread_blocked, id=19868, stack(0x000000f947d00000,0x000000f947e00000) (1024K)]
  0x000002e6ec5c0400 JavaThread "Exec process"                      [_thread_in_native, id=19392, stack(0x000000f947f00000,0x000000f948000000) (1024K)]
  0x000002e6ec5be9c0 JavaThread "Exec process"                      [_thread_in_native, id=12980, stack(0x000000f948000000,0x000000f948100000) (1024K)]
  0x000002e6ec5bb540 JavaThread "Timer-31"                          [_thread_blocked, id=11348, stack(0x000000f948200000,0x000000f948300000) (1024K)]
  0x000002e6ec5c17b0 JavaThread "Exec process Thread 2"             [_thread_blocked, id=14800, stack(0x000000f948500000,0x000000f948600000) (1024K)]
  0x000002e6ec5bd610 JavaThread "Worker-33: Initialize workspace"        [_thread_blocked, id=19792, stack(0x000000f948300000,0x000000f948400000) (1024K)]
  0x000002e6ec5bdca0 JavaThread "Exec process Thread 2"             [_thread_blocked, id=11772, stack(0x000000f948400000,0x000000f948500000) (1024K)]
  0x000002e6ec5b9b00 JavaThread "Connection worker"                 [_thread_blocked, id=18104, stack(0x000000f948600000,0x000000f948700000) (1024K)]
  0x000002e6ec5c1120 JavaThread "Exec process"                      [_thread_in_native, id=38396, stack(0x000000f948100000,0x000000f948200000) (1024K)]
  0x000002e6ec5c1e40 JavaThread "pool-33-thread-1"                  [_thread_blocked, id=7476, stack(0x000000f948700000,0x000000f948800000) (1024K)]
  0x000002e6ec5c24d0 JavaThread "Exec process"                      [_thread_in_native, id=31552, stack(0x000000f948800000,0x000000f948900000) (1024K)]
  0x000002e6ec5c31f0 JavaThread "Timer-32"                          [_thread_blocked, id=2184, stack(0x000000f948a00000,0x000000f948b00000) (1024K)]
  0x000002e6ec5c80b0 JavaThread "Exec process Thread 2"             [_thread_blocked, id=16244, stack(0x000000f948d00000,0x000000f948e00000) (1024K)]
  0x000002e6ec5bc260 JavaThread "Worker-34: Initialize workspace"        [_thread_blocked, id=31964, stack(0x000000f948b00000,0x000000f948c00000) (1024K)]
  0x000002e6ec5c7390 JavaThread "Exec process Thread 2"             [_thread_blocked, id=26568, stack(0x000000f948c00000,0x000000f948d00000) (1024K)]
  0x000002e6ec5c2b60 JavaThread "Timer-33"                          [_thread_blocked, id=29632, stack(0x000000f948f00000,0x000000f949000000) (1024K)]
  0x000002e6ec5c3880 JavaThread "Worker-35: Initialize workspace"        [_thread_blocked, id=21600, stack(0x000000f949000000,0x000000f949100000) (1024K)]
  0x000002e6ec5c3f10 JavaThread "Connection worker"                 [_thread_blocked, id=7520, stack(0x000000f948e00000,0x000000f948f00000) (1024K)]
  0x000002e6ec5c45a0 JavaThread "pool-35-thread-1"                  [_thread_blocked, id=39824, stack(0x000000f949200000,0x000000f949300000) (1024K)]
  0x000002e6ec5c4c30 JavaThread "Timer-34"                          [_thread_blocked, id=856, stack(0x000000f949400000,0x000000f949500000) (1024K)]
  0x000002e6ec5c52c0 JavaThread "Worker-36: Initialize workspace"        [_thread_blocked, id=7776, stack(0x000000f949500000,0x000000f949600000) (1024K)]
  0x000002e6ec5c7a20 JavaThread "Connection worker"                 [_thread_blocked, id=39244, stack(0x000000f949600000,0x000000f949700000) (1024K)]
  0x000002e6ec5c6670 JavaThread "Exec process"                      [_thread_in_native, id=25084, stack(0x000000f949700000,0x000000f949800000) (1024K)]
  0x000002e6ec5c6d00 JavaThread "Timer-35"                          [_thread_blocked, id=40512, stack(0x000000f949800000,0x000000f949900000) (1024K)]
  0x000002e6ed3e9c70 JavaThread "Exec process Thread 2"             [_thread_blocked, id=12304, stack(0x000000f949a00000,0x000000f949b00000) (1024K)]
  0x000002e6edc07220 JavaThread "pool-36-thread-1"                  [_thread_blocked, id=37548, stack(0x000000f949900000,0x000000f949a00000) (1024K)]
  0x000002e6edc04ac0 JavaThread "Exec process"                      [_thread_in_native, id=10396, stack(0x000000f949c00000,0x000000f949d00000) (1024K)]
  0x000002e6edc03080 JavaThread "Worker-37: Initialize workspace"        [_thread_in_vm, id=23684, stack(0x000000f93ed00000,0x000000f93ee00000) (1024K)]
  0x000002e6edc06500 JavaThread "Exec process Thread 2"             [_thread_blocked, id=22816, stack(0x000000f949b00000,0x000000f949c00000) (1024K)]
  0x000002e6edc05e70 JavaThread "Connection worker"                 [_thread_blocked, id=30668, stack(0x000000f93ab00000,0x000000f93ac00000) (1024K)]
  0x000002e6edc078b0 JavaThread "Timer-36"                          [_thread_blocked, id=4608, stack(0x000000f949300000,0x000000f949400000) (1024K)]
  0x000002e6edc07f40 JavaThread "pool-37-thread-1"                  [_thread_blocked, id=15840, stack(0x000000f949e00000,0x000000f949f00000) (1024K)]
  0x000002e6edc02360 JavaThread "Exec process"                      [_thread_in_native, id=36844, stack(0x000000f948900000,0x000000f948a00000) (1024K)]
  0x000002e6edc01640 JavaThread "Connection worker"                 [_thread_in_native, id=12148, stack(0x000000f949100000,0x000000f949200000) (1024K)]
  0x000002e6edc06b90 JavaThread "Connection worker"                 [_thread_blocked, id=32876, stack(0x000000f93ac00000,0x000000f93ad00000) (1024K)]
  0x000002e6edc085d0 JavaThread "Worker-38: Initialize workspace"        [_thread_blocked, id=25156, stack(0x000000f949d00000,0x000000f949e00000) (1024K)]
  0x000002e6edc01cd0 JavaThread "Exec process Thread 2"             [_thread_blocked, id=32548, stack(0x000000f94a000000,0x000000f94a100000) (1024K)]
  0x000002e6edc03da0 JavaThread "Timer-37"                          [_thread_blocked, id=1684, stack(0x000000f94a200000,0x000000f94a300000) (1024K)]
  0x000002e6edc08c60 JavaThread "pool-38-thread-1"                  [_thread_blocked, id=28516, stack(0x000000f949f00000,0x000000f94a000000) (1024K)]
  0x000002e6edc092f0 JavaThread "Connection worker"                 [_thread_blocked, id=36688, stack(0x000000f94a100000,0x000000f94a200000) (1024K)]
  0x000002e6edc057e0 JavaThread "Worker-39: Initialize Workspace"        [_thread_in_Java, id=36820, stack(0x000000f94a400000,0x000000f94a500000) (1024K)]
  0x000002e6edc0a6a0 JavaThread "Timer-38"                          [_thread_blocked, id=23076, stack(0x000000f94a800000,0x000000f94a900000) (1024K)]
  0x000002e6edc0ad30 JavaThread "pool-39-thread-1"                  [_thread_blocked, id=15916, stack(0x000000f94ac00000,0x000000f94ad00000) (1024K)]
  0x000002e6edc0b3c0 JavaThread "Exec process"                      [_thread_in_native, id=15408, stack(0x000000f94ad00000,0x000000f94ae00000) (1024K)]
  0x000002e6edc04430 JavaThread "Exec process Thread 2"             [_thread_blocked, id=36288, stack(0x000000f94ae00000,0x000000f94af00000) (1024K)]
  0x000002e6edc05150 JavaThread "Worker-40"                         [_thread_blocked, id=13304, stack(0x000000f94a600000,0x000000f94a700000) (1024K)]
  0x000002e6edc09980 JavaThread "Worker-41"                         [_thread_new, id=39080, stack(0x0000000000000000,0x0000000000000000) (0B)]
Total: 246

Other Threads:
  0x000002e68c28bbd0 VMThread "VM Thread"                           [id=37432, stack(0x000000f93b000000,0x000000f93b100000) (1024K)]
  0x000002e68c23fed0 WatcherThread "VM Periodic Task Thread"        [id=13568, stack(0x000000f93af00000,0x000000f93b000000) (1024K)]
  0x000002e68c1f0a30 WorkerThread "GC Thread#0"                     [id=6656, stack(0x000000f93ae00000,0x000000f93af00000) (1024K)]
  0x000002e6e91fb2d0 WorkerThread "GC Thread#1"                     [id=1000, stack(0x000000f93bb00000,0x000000f93bc00000) (1024K)]
  0x000002e6e91fb680 WorkerThread "GC Thread#2"                     [id=4792, stack(0x000000f93bc00000,0x000000f93bd00000) (1024K)]
  0x000002e6e91fa7c0 WorkerThread "GC Thread#3"                     [id=29056, stack(0x000000f93bd00000,0x000000f93be00000) (1024K)]
Total: 6

Threads with active compile tasks:
C2 CompilerThread0  131004 11308       4       org.eclipse.jdt.internal.core.JavaProject$ModuleLookup::addTransitive (71 bytes)
C1 CompilerThread0  131004 11311       3       java.util.concurrent.ConcurrentLinkedQueue$Node::casItem (10 bytes)
Total: 2

VM state: not at safepoint (normal execution)

VM Mutex/Monitor currently owned by a thread:  ([mutex/lock_event])
[0x00007ff9e7d7e0b0] MethodCompileQueue_lock - owner thread: 0x0000000000000000

Heap address: 0x0000000080000000, size: 2048 MB, Compressed Oops mode: 32-bit

CDS archive(s) mapped at: [0x000002e6a3000000-0x000002e6a3ba0000-0x000002e6a3ba0000), size 12189696, SharedBaseAddress: 0x000002e6a3000000, ArchiveRelocationMode: 1.
Compressed class space mapped at: 0x000002e6a4000000-0x000002e6e4000000, reserved size: 1073741824
Narrow klass base: 0x000002e6a3000000, Narrow klass shift: 0, Narrow klass range: 0x100000000

GC Precious Log:
 CardTable entry size: 512
 CPUs: 4 total, 4 available
 Memory: 8080M
 Large Page Support: Disabled
 NUMA Support: Disabled
 Compressed Oops: Enabled (32-bit)
 Alignments: Space 512K, Generation 512K, Heap 2M
 Heap Min Capacity: 100M
 Heap Initial Capacity: 100M
 Heap Max Capacity: 2G
 Pre-touch: Disabled
 Parallel Workers: 4

Heap:
 PSYoungGen      total 4608K, used 3755K [0x00000000d5580000, 0x00000000d5b00000, 0x0000000100000000)
  eden space 3584K, 77% used [0x00000000d5580000,0x00000000d5832650,0x00000000d5900000)
  from space 1024K, 97% used [0x00000000d5900000,0x00000000d59f8900,0x00000000d5a00000)
  to   space 512K, 0% used [0x00000000d5a80000,0x00000000d5a80000,0x00000000d5b00000)
 ParOldGen       total 111616K, used 107884K [0x0000000080000000, 0x0000000086d00000, 0x00000000d5580000)
  object space 111616K, 96% used [0x0000000080000000,0x000000008695b320,0x0000000086d00000)
 Metaspace       used 63980K, committed 65600K, reserved 1114112K
  class space    used 7346K, committed 8064K, reserved 1048576K

Card table byte_map: [0x000002e68bba0000,0x000002e68bfb0000] _byte_map_base: 0x000002e68b7a0000

Marking Bits: (ParMarkBitMap*) 0x00007ff9e7d844a0
 Begin Bits: [0x000002e69e680000, 0x000002e6a0680000)
 End Bits:   [0x000002e6a0680000, 0x000002e6a2680000)

Polling page: 0x000002e68b990000

Metaspace:

Usage:
  Non-class:     55.31 MB used.
      Class:      7.17 MB used.
       Both:     62.48 MB used.

Virtual space:
  Non-class space:       64.00 MB reserved,      56.19 MB ( 88%) committed,  1 nodes.
      Class space:        1.00 GB reserved,       7.88 MB ( <1%) committed,  1 nodes.
             Both:        1.06 GB reserved,      64.06 MB (  6%) committed. 

Chunk freelists:
   Non-Class:  7.60 MB
       Class:  8.09 MB
        Both:  15.69 MB

MaxMetaspaceSize: unlimited
CompressedClassSpaceSize: 1.00 GB
Initial GC threshold: 21.00 MB
Current GC threshold: 97.31 MB
CDS: on
 - commit_granule_bytes: 65536.
 - commit_granule_words: 8192.
 - virtual_space_node_default_size: 8388608.
 - enlarge_chunks_in_place: 1.
 - use_allocation_guard: 0.


Internal statistics:

num_allocs_failed_limit: 9.
num_arena_births: 1486.
num_arena_deaths: 14.
num_vsnodes_births: 2.
num_vsnodes_deaths: 0.
num_space_committed: 1025.
num_space_uncommitted: 0.
num_chunks_returned_to_freelist: 23.
num_chunks_taken_from_freelist: 4489.
num_chunk_merges: 12.
num_chunk_splits: 2750.
num_chunks_enlarged: 1522.
num_inconsistent_stats: 0.

CodeHeap 'non-profiled nmethods': size=120000Kb used=7443Kb max_used=7443Kb free=112556Kb
 bounds [0x000002e696ea0000, 0x000002e6975f0000, 0x000002e69e3d0000]
CodeHeap 'profiled nmethods': size=120000Kb used=22423Kb max_used=22423Kb free=97577Kb
 bounds [0x000002e68f3d0000, 0x000002e6909c0000, 0x000002e696900000]
CodeHeap 'non-nmethods': size=5760Kb used=1397Kb max_used=1452Kb free=4362Kb
 bounds [0x000002e696900000, 0x000002e696b70000, 0x000002e696ea0000]
CodeCache: size=245760Kb, used=31263Kb, max_used=31318Kb, free=214495Kb
 total_blobs=11224, nmethods=10519, adapters=611, full_count=0
Compilation: enabled, stopped_count=0, restarted_count=0

Compilation events (20 events):
Event: 130.875 Thread 0x000002e6a2c33df0 11300       3       java.nio.Buffer::checkIndex (16 bytes)
Event: 130.875 Thread 0x000002e6a2c33df0 nmethod 11300 0x000002e6909b3b10 code [0x000002e6909b3cc0, 0x000002e6909b3e20]
Event: 130.875 Thread 0x000002e6a2c33df0 11301       3       java.nio.CharBuffer::charAt (16 bytes)
Event: 130.876 Thread 0x000002e6a2c33df0 nmethod 11301 0x000002e6909b3f10 code [0x000002e6909b40c0, 0x000002e6909b4360]
Event: 130.876 Thread 0x000002e6a2c33df0 11302       3       java.nio.HeapCharBuffer::get (15 bytes)
Event: 130.876 Thread 0x000002e6a2c33df0 nmethod 11302 0x000002e6909b4490 code [0x000002e6909b4640, 0x000002e6909b48a0]
Event: 130.877 Thread 0x000002e6a2bc4e30 nmethod 11296 0x000002e6975e2190 code [0x000002e6975e2340, 0x000002e6975e24e0]
Event: 130.877 Thread 0x000002e6a2bc4e30 11303       4       java.util.regex.Pattern$CharPropertyGreedy::match (160 bytes)
Event: 130.893 Thread 0x000002e6a2c33df0 11304       3       java.nio.CharBuffer::length (5 bytes)
Event: 130.893 Thread 0x000002e6a2c33df0 nmethod 11304 0x000002e6909b4a10 code [0x000002e6909b4bc0, 0x000002e6909b4da0]
Event: 130.894 Thread 0x000002e6a2c33df0 11306       3       java.util.regex.Matcher::usePattern (127 bytes)
Event: 130.894 Thread 0x000002e6a2c33df0 nmethod 11306 0x000002e6909b4e90 code [0x000002e6909b5080, 0x000002e6909b56f0]
Event: 130.899 Thread 0x000002e6a2bc4e30 nmethod 11303 0x000002e6975e2710 code [0x000002e6975e2960, 0x000002e6975e37b8]
Event: 130.900 Thread 0x000002e6a2bc4e30 11305       4       java.nio.Buffer::remaining (20 bytes)
Event: 130.900 Thread 0x000002e6a2bc4e30 nmethod 11305 0x000002e6975e4290 code [0x000002e6975e4420, 0x000002e6975e44b8]
Event: 130.900 Thread 0x000002e6a2bc4e30 11299       4       jdk.internal.util.Preconditions::checkIndex (18 bytes)
Event: 130.901 Thread 0x000002e6a2bc4e30 nmethod 11299 0x000002e6975e4590 code [0x000002e6975e4720, 0x000002e6975e47d0]
Event: 130.901 Thread 0x000002e6a2bc4e30 11307       4       org.eclipse.osgi.internal.util.Tokenizer::skipWhiteSpace (58 bytes)
Event: 130.903 Thread 0x000002e6a2bc4e30 nmethod 11307 0x000002e6975e4890 code [0x000002e6975e4a20, 0x000002e6975e4b88]
Event: 130.907 Thread 0x000002e6a2bc4e30 11308       4       org.eclipse.jdt.internal.core.JavaProject$ModuleLookup::addTransitive (71 bytes)

GC Heap History (20 events):
Event: 125.209 GC heap before
{Heap before GC invocations=233 (full 3):
 PSYoungGen      total 6144K, used 6141K [0x00000000d5580000, 0x00000000d5d00000, 0x0000000100000000)
  eden space 5632K, 100% used [0x00000000d5580000,0x00000000d5b00000,0x00000000d5b00000)
  from space 512K, 99% used [0x00000000d5c00000,0x00000000d5c7f698,0x00000000d5c80000)
  to   space 512K, 0% used [0x00000000d5c80000,0x00000000d5c80000,0x00000000d5d00000)
 ParOldGen       total 111616K, used 102219K [0x0000000080000000, 0x0000000086d00000, 0x00000000d5580000)
  object space 111616K, 91% used [0x0000000080000000,0x00000000863d2d80,0x0000000086d00000)
 Metaspace       used 63898K, committed 65600K, reserved 1114112K
  class space    used 7339K, committed 8064K, reserved 1048576K
}
Event: 125.212 GC heap after
{Heap after GC invocations=233 (full 3):
 PSYoungGen      total 5632K, used 481K [0x00000000d5580000, 0x00000000d5f00000, 0x0000000100000000)
  eden space 5120K, 0% used [0x00000000d5580000,0x00000000d5580000,0x00000000d5a80000)
  from space 512K, 93% used [0x00000000d5c80000,0x00000000d5cf84a0,0x00000000d5d00000)
  to   space 2048K, 0% used [0x00000000d5a80000,0x00000000d5a80000,0x00000000d5c80000)
 ParOldGen       total 111616K, used 103548K [0x0000000080000000, 0x0000000086d00000, 0x00000000d5580000)
  object space 111616K, 92% used [0x0000000080000000,0x000000008651f210,0x0000000086d00000)
 Metaspace       used 63898K, committed 65600K, reserved 1114112K
  class space    used 7339K, committed 8064K, reserved 1048576K
}
Event: 125.921 GC heap before
{Heap before GC invocations=234 (full 3):
 PSYoungGen      total 5632K, used 5601K [0x00000000d5580000, 0x00000000d5f00000, 0x0000000100000000)
  eden space 5120K, 100% used [0x00000000d5580000,0x00000000d5a80000,0x00000000d5a80000)
  from space 512K, 93% used [0x00000000d5c80000,0x00000000d5cf84a0,0x00000000d5d00000)
  to   space 2048K, 0% used [0x00000000d5a80000,0x00000000d5a80000,0x00000000d5c80000)
 ParOldGen       total 111616K, used 103548K [0x0000000080000000, 0x0000000086d00000, 0x00000000d5580000)
  object space 111616K, 92% used [0x0000000080000000,0x000000008651f210,0x0000000086d00000)
 Metaspace       used 63900K, committed 65600K, reserved 1114112K
  class space    used 7339K, committed 8064K, reserved 1048576K
}
Event: 125.924 GC heap after
{Heap after GC invocations=234 (full 3):
 PSYoungGen      total 5632K, used 512K [0x00000000d5580000, 0x00000000d5d00000, 0x0000000100000000)
  eden space 5120K, 0% used [0x00000000d5580000,0x00000000d5580000,0x00000000d5a80000)
  from space 512K, 100% used [0x00000000d5a80000,0x00000000d5b00000,0x00000000d5b00000)
  to   space 1024K, 0% used [0x00000000d5c00000,0x00000000d5c00000,0x00000000d5d00000)
 ParOldGen       total 111616K, used 103676K [0x0000000080000000, 0x0000000086d00000, 0x00000000d5580000)
  object space 111616K, 92% used [0x0000000080000000,0x000000008653f240,0x0000000086d00000)
 Metaspace       used 63900K, committed 65600K, reserved 1114112K
  class space    used 7339K, committed 8064K, reserved 1048576K
}
Event: 126.962 GC heap before
{Heap before GC invocations=235 (full 3):
 PSYoungGen      total 5632K, used 5441K [0x00000000d5580000, 0x00000000d5d00000, 0x0000000100000000)
  eden space 5120K, 96% used [0x00000000d5580000,0x00000000d5a507b0,0x00000000d5a80000)
  from space 512K, 100% used [0x00000000d5a80000,0x00000000d5b00000,0x00000000d5b00000)
  to   space 1024K, 0% used [0x00000000d5c00000,0x00000000d5c00000,0x00000000d5d00000)
 ParOldGen       total 111616K, used 103676K [0x0000000080000000, 0x0000000086d00000, 0x00000000d5580000)
  object space 111616K, 92% used [0x0000000080000000,0x000000008653f240,0x0000000086d00000)
 Metaspace       used 63916K, committed 65600K, reserved 1114112K
  class space    used 7339K, committed 8064K, reserved 1048576K
}
Event: 126.964 GC heap after
{Heap after GC invocations=235 (full 3):
 PSYoungGen      total 5632K, used 480K [0x00000000d5580000, 0x00000000d5c80000, 0x0000000100000000)
  eden space 5120K, 0% used [0x00000000d5580000,0x00000000d5580000,0x00000000d5a80000)
  from space 512K, 93% used [0x00000000d5c00000,0x00000000d5c78110,0x00000000d5c80000)
  to   space 1024K, 0% used [0x00000000d5a80000,0x00000000d5a80000,0x00000000d5b80000)
 ParOldGen       total 111616K, used 104092K [0x0000000080000000, 0x0000000086d00000, 0x00000000d5580000)
  object space 111616K, 93% used [0x0000000080000000,0x00000000865a7260,0x0000000086d00000)
 Metaspace       used 63916K, committed 65600K, reserved 1114112K
  class space    used 7339K, committed 8064K, reserved 1048576K
}
Event: 127.004 GC heap before
{Heap before GC invocations=236 (full 3):
 PSYoungGen      total 5632K, used 5600K [0x00000000d5580000, 0x00000000d5c80000, 0x0000000100000000)
  eden space 5120K, 99% used [0x00000000d5580000,0x00000000d5a7ff20,0x00000000d5a80000)
  from space 512K, 93% used [0x00000000d5c00000,0x00000000d5c78110,0x00000000d5c80000)
  to   space 1024K, 0% used [0x00000000d5a80000,0x00000000d5a80000,0x00000000d5b80000)
 ParOldGen       total 111616K, used 104092K [0x0000000080000000, 0x0000000086d00000, 0x00000000d5580000)
  object space 111616K, 93% used [0x0000000080000000,0x00000000865a7260,0x0000000086d00000)
 Metaspace       used 63920K, committed 65600K, reserved 1114112K
  class space    used 7339K, committed 8064K, reserved 1048576K
}
Event: 127.005 GC heap after
{Heap after GC invocations=236 (full 3):
 PSYoungGen      total 6144K, used 224K [0x00000000d5580000, 0x00000000d5c80000, 0x0000000100000000)
  eden space 5120K, 0% used [0x00000000d5580000,0x00000000d5580000,0x00000000d5a80000)
  from space 1024K, 21% used [0x00000000d5a80000,0x00000000d5ab8000,0x00000000d5b80000)
  to   space 512K, 0% used [0x00000000d5c00000,0x00000000d5c00000,0x00000000d5c80000)
 ParOldGen       total 111616K, used 104270K [0x0000000080000000, 0x0000000086d00000, 0x00000000d5580000)
  object space 111616K, 93% used [0x0000000080000000,0x00000000865d39a8,0x0000000086d00000)
 Metaspace       used 63920K, committed 65600K, reserved 1114112K
  class space    used 7339K, committed 8064K, reserved 1048576K
}
Event: 127.886 GC heap before
{Heap before GC invocations=237 (full 3):
 PSYoungGen      total 6144K, used 5343K [0x00000000d5580000, 0x00000000d5c80000, 0x0000000100000000)
  eden space 5120K, 99% used [0x00000000d5580000,0x00000000d5a7ff90,0x00000000d5a80000)
  from space 1024K, 21% used [0x00000000d5a80000,0x00000000d5ab8000,0x00000000d5b80000)
  to   space 512K, 0% used [0x00000000d5c00000,0x00000000d5c00000,0x00000000d5c80000)
 ParOldGen       total 111616K, used 104270K [0x0000000080000000, 0x0000000086d00000, 0x00000000d5580000)
  object space 111616K, 93% used [0x0000000080000000,0x00000000865d39a8,0x0000000086d00000)
 Metaspace       used 63927K, committed 65600K, reserved 1114112K
  class space    used 7339K, committed 8064K, reserved 1048576K
}
Event: 127.889 GC heap after
{Heap after GC invocations=237 (full 3):
 PSYoungGen      total 4096K, used 481K [0x00000000d5580000, 0x00000000d6080000, 0x0000000100000000)
  eden space 3584K, 0% used [0x00000000d5580000,0x00000000d5580000,0x00000000d5900000)
  from space 512K, 93% used [0x00000000d5c00000,0x00000000d5c784a0,0x00000000d5c80000)
  to   space 3072K, 0% used [0x00000000d5900000,0x00000000d5900000,0x00000000d5c00000)
 ParOldGen       total 111616K, used 106231K [0x0000000080000000, 0x0000000086d00000, 0x00000000d5580000)
  object space 111616K, 95% used [0x0000000080000000,0x00000000867bde58,0x0000000086d00000)
 Metaspace       used 63927K, committed 65600K, reserved 1114112K
  class space    used 7339K, committed 8064K, reserved 1048576K
}
Event: 128.490 GC heap before
{Heap before GC invocations=238 (full 3):
 PSYoungGen      total 4096K, used 4064K [0x00000000d5580000, 0x00000000d6080000, 0x0000000100000000)
  eden space 3584K, 99% used [0x00000000d5580000,0x00000000d58ffee0,0x00000000d5900000)
  from space 512K, 93% used [0x00000000d5c00000,0x00000000d5c784a0,0x00000000d5c80000)
  to   space 3072K, 0% used [0x00000000d5900000,0x00000000d5900000,0x00000000d5c00000)
 ParOldGen       total 111616K, used 106231K [0x0000000080000000, 0x0000000086d00000, 0x00000000d5580000)
  object space 111616K, 95% used [0x0000000080000000,0x00000000867bde58,0x0000000086d00000)
 Metaspace       used 63929K, committed 65600K, reserved 1114112K
  class space    used 7339K, committed 8064K, reserved 1048576K
}
Event: 128.492 GC heap after
{Heap after GC invocations=238 (full 3):
 PSYoungGen      total 4096K, used 352K [0x00000000d5580000, 0x00000000d5c80000, 0x0000000100000000)
  eden space 3584K, 0% used [0x00000000d5580000,0x00000000d5580000,0x00000000d5900000)
  from space 512K, 68% used [0x00000000d5900000,0x00000000d5958000,0x00000000d5980000)
  to   space 1536K, 0% used [0x00000000d5b00000,0x00000000d5b00000,0x00000000d5c80000)
 ParOldGen       total 111616K, used 106379K [0x0000000080000000, 0x0000000086d00000, 0x00000000d5580000)
  object space 111616K, 95% used [0x0000000080000000,0x00000000867e2e98,0x0000000086d00000)
 Metaspace       used 63929K, committed 65600K, reserved 1114112K
  class space    used 7339K, committed 8064K, reserved 1048576K
}
Event: 130.042 GC heap before
{Heap before GC invocations=239 (full 3):
 PSYoungGen      total 4096K, used 3936K [0x00000000d5580000, 0x00000000d5c80000, 0x0000000100000000)
  eden space 3584K, 100% used [0x00000000d5580000,0x00000000d5900000,0x00000000d5900000)
  from space 512K, 68% used [0x00000000d5900000,0x00000000d5958000,0x00000000d5980000)
  to   space 1536K, 0% used [0x00000000d5b00000,0x00000000d5b00000,0x00000000d5c80000)
 ParOldGen       total 111616K, used 106379K [0x0000000080000000, 0x0000000086d00000, 0x00000000d5580000)
  object space 111616K, 95% used [0x0000000080000000,0x00000000867e2e98,0x0000000086d00000)
 Metaspace       used 63931K, committed 65600K, reserved 1114112K
  class space    used 7339K, committed 8064K, reserved 1048576K
}
Event: 130.046 GC heap after
{Heap after GC invocations=239 (full 3):
 PSYoungGen      total 4096K, used 192K [0x00000000d5580000, 0x00000000d5b80000, 0x0000000100000000)
  eden space 3584K, 0% used [0x00000000d5580000,0x00000000d5580000,0x00000000d5900000)
  from space 512K, 37% used [0x00000000d5b00000,0x00000000d5b30000,0x00000000d5b80000)
  to   space 512K, 0% used [0x00000000d5900000,0x00000000d5900000,0x00000000d5980000)
 ParOldGen       total 111616K, used 106659K [0x0000000080000000, 0x0000000086d00000, 0x00000000d5580000)
  object space 111616K, 95% used [0x0000000080000000,0x0000000086828e98,0x0000000086d00000)
 Metaspace       used 63931K, committed 65600K, reserved 1114112K
  class space    used 7339K, committed 8064K, reserved 1048576K
}
Event: 130.074 GC heap before
{Heap before GC invocations=240 (full 3):
 PSYoungGen      total 4096K, used 3776K [0x00000000d5580000, 0x00000000d5b80000, 0x0000000100000000)
  eden space 3584K, 100% used [0x00000000d5580000,0x00000000d5900000,0x00000000d5900000)
  from space 512K, 37% used [0x00000000d5b00000,0x00000000d5b30000,0x00000000d5b80000)
  to   space 512K, 0% used [0x00000000d5900000,0x00000000d5900000,0x00000000d5980000)
 ParOldGen       total 111616K, used 106659K [0x0000000080000000, 0x0000000086d00000, 0x00000000d5580000)
  object space 111616K, 95% used [0x0000000080000000,0x0000000086828e98,0x0000000086d00000)
 Metaspace       used 63932K, committed 65600K, reserved 1114112K
  class space    used 7339K, committed 8064K, reserved 1048576K
}
Event: 130.076 GC heap after
{Heap after GC invocations=240 (full 3):
 PSYoungGen      total 4096K, used 512K [0x00000000d5580000, 0x00000000d5c00000, 0x0000000100000000)
  eden space 3584K, 0% used [0x00000000d5580000,0x00000000d5580000,0x00000000d5900000)
  from space 512K, 100% used [0x00000000d5900000,0x00000000d5980000,0x00000000d5980000)
  to   space 1536K, 0% used [0x00000000d5a80000,0x00000000d5a80000,0x00000000d5c00000)
 ParOldGen       total 111616K, used 107260K [0x0000000080000000, 0x0000000086d00000, 0x00000000d5580000)
  object space 111616K, 96% used [0x0000000080000000,0x00000000868bf2c0,0x0000000086d00000)
 Metaspace       used 63932K, committed 65600K, reserved 1114112K
  class space    used 7339K, committed 8064K, reserved 1048576K
}
Event: 130.864 GC heap before
{Heap before GC invocations=241 (full 3):
 PSYoungGen      total 4096K, used 4096K [0x00000000d5580000, 0x00000000d5c00000, 0x0000000100000000)
  eden space 3584K, 100% used [0x00000000d5580000,0x00000000d5900000,0x00000000d5900000)
  from space 512K, 100% used [0x00000000d5900000,0x00000000d5980000,0x00000000d5980000)
  to   space 1536K, 0% used [0x00000000d5a80000,0x00000000d5a80000,0x00000000d5c00000)
 ParOldGen       total 111616K, used 107260K [0x0000000080000000, 0x0000000086d00000, 0x00000000d5580000)
  object space 111616K, 96% used [0x0000000080000000,0x00000000868bf2c0,0x0000000086d00000)
 Metaspace       used 63939K, committed 65600K, reserved 1114112K
  class space    used 7339K, committed 8064K, reserved 1048576K
}
Event: 130.866 GC heap after
{Heap after GC invocations=241 (full 3):
 PSYoungGen      total 4096K, used 224K [0x00000000d5580000, 0x00000000d5b00000, 0x0000000100000000)
  eden space 3584K, 0% used [0x00000000d5580000,0x00000000d5580000,0x00000000d5900000)
  from space 512K, 43% used [0x00000000d5a80000,0x00000000d5ab8000,0x00000000d5b00000)
  to   space 1024K, 0% used [0x00000000d5900000,0x00000000d5900000,0x00000000d5a00000)
 ParOldGen       total 111616K, used 107356K [0x0000000080000000, 0x0000000086d00000, 0x00000000d5580000)
  object space 111616K, 96% used [0x0000000080000000,0x00000000868d72c0,0x0000000086d00000)
 Metaspace       used 63939K, committed 65600K, reserved 1114112K
  class space    used 7339K, committed 8064K, reserved 1048576K
}
Event: 130.917 GC heap before
{Heap before GC invocations=242 (full 3):
 PSYoungGen      total 4096K, used 3808K [0x00000000d5580000, 0x00000000d5b00000, 0x0000000100000000)
  eden space 3584K, 100% used [0x00000000d5580000,0x00000000d5900000,0x00000000d5900000)
  from space 512K, 43% used [0x00000000d5a80000,0x00000000d5ab8000,0x00000000d5b00000)
  to   space 1024K, 0% used [0x00000000d5900000,0x00000000d5900000,0x00000000d5a00000)
 ParOldGen       total 111616K, used 107356K [0x0000000080000000, 0x0000000086d00000, 0x00000000d5580000)
  object space 111616K, 96% used [0x0000000080000000,0x00000000868d72c0,0x0000000086d00000)
 Metaspace       used 63956K, committed 65600K, reserved 1114112K
  class space    used 7341K, committed 8064K, reserved 1048576K
}
Event: 130.920 GC heap after
{Heap after GC invocations=242 (full 3):
 PSYoungGen      total 4608K, used 994K [0x00000000d5580000, 0x00000000d5b00000, 0x0000000100000000)
  eden space 3584K, 0% used [0x00000000d5580000,0x00000000d5580000,0x00000000d5900000)
  from space 1024K, 97% used [0x00000000d5900000,0x00000000d59f8900,0x00000000d5a00000)
  to   space 512K, 0% used [0x00000000d5a80000,0x00000000d5a80000,0x00000000d5b00000)
 ParOldGen       total 111616K, used 107884K [0x0000000080000000, 0x0000000086d00000, 0x00000000d5580000)
  object space 111616K, 96% used [0x0000000080000000,0x000000008695b320,0x0000000086d00000)
 Metaspace       used 63956K, committed 65600K, reserved 1114112K
  class space    used 7341K, committed 8064K, reserved 1048576K
}

Dll operation events (20 events):
Event: 1.364 Attempting to load shared library C:\Users\sampa\.vscode\extensions\redhat.java-1.56.0-win32-x64\jre\21.0.12.1-win32-x86_64\bin\zip.dll
Event: 1.365 Loaded shared library C:\Users\sampa\.vscode\extensions\redhat.java-1.56.0-win32-x64\jre\21.0.12.1-win32-x86_64\bin\zip.dll
Event: 1.504 Attempting to load shared library C:\Users\sampa\.vscode\extensions\redhat.java-1.56.0-win32-x64\jre\21.0.12.1-win32-x86_64\bin\jimage.dll
Event: 1.504 Loaded shared library C:\Users\sampa\.vscode\extensions\redhat.java-1.56.0-win32-x64\jre\21.0.12.1-win32-x86_64\bin\jimage.dll
Event: 2.126 Attempting to load shared library c:\Users\sampa\.vscode\extensions\redhat.java-1.56.0-win32-x64\jre\21.0.12.1-win32-x86_64\bin\verify.dll
Event: 2.127 Loaded shared library c:\Users\sampa\.vscode\extensions\redhat.java-1.56.0-win32-x64\jre\21.0.12.1-win32-x86_64\bin\verify.dll
Event: 14.089 Attempting to load shared library C:\Users\sampa\AppData\Roaming\Code\User\globalStorage\redhat.java\1.56.0\config_win\org.eclipse.equinox.launcher\org.eclipse.equinox.launcher.win32.win32.x86_64_1.3.100.v20260804-1928\eclipse_11924.dll
Event: 14.094 Loaded shared library C:\Users\sampa\AppData\Roaming\Code\User\globalStorage\redhat.java\1.56.0\config_win\org.eclipse.equinox.launcher\org.eclipse.equinox.launcher.win32.win32.x86_64_1.3.100.v20260804-1928\eclipse_11924.dll
Event: 25.224 Attempting to load shared library C:\Users\sampa\AppData\Local\Temp\jna-109202960\jna7901284359959575906.dll
Event: 25.351 Loaded shared library C:\Users\sampa\AppData\Local\Temp\jna-109202960\jna7901284359959575906.dll
Event: 57.065 Attempting to load shared library C:\Users\sampa\.gradle\native\660c5614fbf4a5f2a75b1949f50a0caf5cd603558e7d8a26e50b933a0cfb79d1\windows-amd64\native-platform.dll
Event: 57.070 Loaded shared library C:\Users\sampa\.gradle\native\660c5614fbf4a5f2a75b1949f50a0caf5cd603558e7d8a26e50b933a0cfb79d1\windows-amd64\native-platform.dll
Event: 60.565 Attempting to load shared library C:\Users\sampa\.vscode\extensions\redhat.java-1.56.0-win32-x64\jre\21.0.12.1-win32-x86_64\bin\management.dll
Event: 60.566 Loaded shared library C:\Users\sampa\.vscode\extensions\redhat.java-1.56.0-win32-x64\jre\21.0.12.1-win32-x86_64\bin\management.dll
Event: 60.570 Attempting to load shared library C:\Users\sampa\.vscode\extensions\redhat.java-1.56.0-win32-x64\jre\21.0.12.1-win32-x86_64\bin\management_ext.dll
Event: 60.570 Loaded shared library C:\Users\sampa\.vscode\extensions\redhat.java-1.56.0-win32-x64\jre\21.0.12.1-win32-x86_64\bin\management_ext.dll
Event: 77.912 Attempting to load shared library C:\Users\sampa\.vscode\extensions\redhat.java-1.56.0-win32-x64\jre\21.0.12.1-win32-x86_64\bin\extnet.dll
Event: 77.913 Loaded shared library C:\Users\sampa\.vscode\extensions\redhat.java-1.56.0-win32-x64\jre\21.0.12.1-win32-x86_64\bin\extnet.dll
Event: 80.215 Attempting to load shared library C:\Users\sampa\.vscode\extensions\redhat.java-1.56.0-win32-x64\jre\21.0.12.1-win32-x86_64\bin\sunmscapi.dll
Event: 80.218 Loaded shared library C:\Users\sampa\.vscode\extensions\redhat.java-1.56.0-win32-x64\jre\21.0.12.1-win32-x86_64\bin\sunmscapi.dll

Deoptimization events (20 events):
Event: 130.875 Thread 0x000002e6ed3e8230 Uncommon trap: trap_request=0xffffffbe fr.pc=0x000002e697273ed4 relative=0x0000000000000294
Event: 130.875 Thread 0x000002e6ed3e8230 Uncommon trap: reason=profile_predicate action=maybe_recompile pc=0x000002e697273ed4 method=java.util.regex.Pattern$Slice.match(Ljava/util/regex/Matcher;ILjava/lang/CharSequence;)Z @ 18 c2
Event: 130.875 Thread 0x000002e6ed3e8230 DEOPT PACKING pc=0x000002e697273ed4 sp=0x000000f9454feaa0
Event: 130.875 Thread 0x000002e6ed3e8230 DEOPT UNPACKING pc=0x000002e696953aa2 sp=0x000000f9454fea30 mode 2
Event: 130.875 Thread 0x000002e6ed3e8230 Uncommon trap: trap_request=0xffffffc6 fr.pc=0x000002e6974141a8 relative=0x00000000000002c8
Event: 130.875 Thread 0x000002e6ed3e8230 Uncommon trap: reason=bimorphic_or_optimized_type_check action=maybe_recompile pc=0x000002e6974141a8 method=java.util.regex.Pattern$BmpCharProperty.match(Ljava/util/regex/Matcher;ILjava/lang/CharSequence;)Z @ 14 c2
Event: 130.875 Thread 0x000002e6ed3e8230 DEOPT PACKING pc=0x000002e6974141a8 sp=0x000000f9454feab0
Event: 130.875 Thread 0x000002e6ed3e8230 DEOPT UNPACKING pc=0x000002e696953aa2 sp=0x000000f9454fea40 mode 2
Event: 130.875 Thread 0x000002e6ed3e8230 Uncommon trap: trap_request=0xffffffc6 fr.pc=0x000002e69728c950 relative=0x0000000000000110
Event: 130.875 Thread 0x000002e6ed3e8230 Uncommon trap: reason=bimorphic_or_optimized_type_check action=maybe_recompile pc=0x000002e69728c950 method=java.util.regex.Pattern.lambda$union$3(Ljava/util/regex/Pattern$CharPredicate;Ljava/util/regex/Pattern$CharPredicate;I)Z @ 12 c2
Event: 130.875 Thread 0x000002e6ed3e8230 DEOPT PACKING pc=0x000002e69728c950 sp=0x000000f9454fea10
Event: 130.875 Thread 0x000002e6ed3e8230 DEOPT UNPACKING pc=0x000002e696953aa2 sp=0x000000f9454fe928 mode 2
Event: 130.893 Thread 0x000002e6ec2b4d80 Uncommon trap: trap_request=0xffffffbe fr.pc=0x000002e6972a3120 relative=0x0000000000000860
Event: 130.893 Thread 0x000002e6ec2b4d80 Uncommon trap: reason=profile_predicate action=maybe_recompile pc=0x000002e6972a3120 method=java.util.regex.Pattern$CharPropertyGreedy.match(Ljava/util/regex/Matcher;ILjava/lang/CharSequence;)Z @ 12 c2
Event: 130.893 Thread 0x000002e6ec2b4d80 DEOPT PACKING pc=0x000002e6972a3120 sp=0x000000f943afebd0
Event: 130.893 Thread 0x000002e6ec2b4d80 DEOPT UNPACKING pc=0x000002e696953aa2 sp=0x000000f943afebb0 mode 2
Event: 130.894 Thread 0x000002e6ec2b46f0 Uncommon trap: trap_request=0xffffffbe fr.pc=0x000002e6972a3120 relative=0x0000000000000860
Event: 130.894 Thread 0x000002e6ec2b46f0 Uncommon trap: reason=profile_predicate action=maybe_recompile pc=0x000002e6972a3120 method=java.util.regex.Pattern$CharPropertyGreedy.match(Ljava/util/regex/Matcher;ILjava/lang/CharSequence;)Z @ 12 c2
Event: 130.894 Thread 0x000002e6ec2b46f0 DEOPT PACKING pc=0x000002e6972a3120 sp=0x000000f9432fe930
Event: 130.894 Thread 0x000002e6ec2b46f0 DEOPT UNPACKING pc=0x000002e696953aa2 sp=0x000000f9432fe910 mode 2

Classes loaded (20 events):
Event: 92.343 Loading class sun/nio/fs/WindowsFileCopy
Event: 92.344 Loading class sun/nio/fs/WindowsFileCopy done
Event: 105.584 Loading class java/io/ObjectStreamClass$1
Event: 105.584 Loading class java/io/ObjectStreamClass$1 done
Event: 105.584 Loading class java/io/ObjectStreamClass$MemberSignature
Event: 105.585 Loading class java/io/ObjectStreamClass$MemberSignature done
Event: 105.585 Loading class java/io/ObjectStreamClass$3
Event: 105.585 Loading class java/io/ObjectStreamClass$3 done
Event: 105.587 Loading class java/io/ObjectStreamClass$4
Event: 105.587 Loading class java/io/ObjectStreamClass$4 done
Event: 105.588 Loading class java/io/ObjectStreamClass$5
Event: 105.588 Loading class java/io/ObjectStreamClass$5 done
Event: 105.680 Loading class java/net/Proxy
Event: 105.681 Loading class java/net/Proxy done
Event: 106.673 Loading class java/io/ObjectStreamClass$ExceptionInfo
Event: 106.674 Loading class java/io/ObjectStreamClass$ExceptionInfo done
Event: 118.099 Loading class sun/reflect/generics/tree/IntSignature
Event: 118.099 Loading class sun/reflect/generics/tree/IntSignature done
Event: 130.874 Loading class java/util/regex/Matcher$ImmutableMatchResult
Event: 130.874 Loading class java/util/regex/Matcher$ImmutableMatchResult done

Classes unloaded (7 events):
Event: 29.633 Thread 0x000002e68c28bbd0 Unloading class 0x000002e6a41a9400 'java/lang/invoke/LambdaForm$MH+0x000002e6a41a9400'
Event: 29.633 Thread 0x000002e68c28bbd0 Unloading class 0x000002e6a41a9000 'java/lang/invoke/LambdaForm$MH+0x000002e6a41a9000'
Event: 29.633 Thread 0x000002e68c28bbd0 Unloading class 0x000002e6a41a8c00 'java/lang/invoke/LambdaForm$MH+0x000002e6a41a8c00'
Event: 29.633 Thread 0x000002e68c28bbd0 Unloading class 0x000002e6a41a8800 'java/lang/invoke/LambdaForm$MH+0x000002e6a41a8800'
Event: 29.633 Thread 0x000002e68c28bbd0 Unloading class 0x000002e6a41a8400 'java/lang/invoke/LambdaForm$BMH+0x000002e6a41a8400'
Event: 29.633 Thread 0x000002e68c28bbd0 Unloading class 0x000002e6a41a8000 'java/lang/invoke/LambdaForm$DMH+0x000002e6a41a8000'
Event: 29.633 Thread 0x000002e68c28bbd0 Unloading class 0x000002e6a41a6c00 'java/lang/invoke/LambdaForm$DMH+0x000002e6a41a6c00'

Classes redefined (0 events):
No events

Internal exceptions (20 events):
Event: 120.023 Thread 0x000002e6ec5bc260 Exception <a 'sun/nio/fs/WindowsException'{0x00000000d59e7e08}> (0x00000000d59e7e08) 
thrown [s\src\hotspot\share\prims\jni.cpp, line 520]
Event: 120.023 Thread 0x000002e6ec5bc260 Exception <a 'sun/nio/fs/WindowsException'{0x00000000d59e8530}> (0x00000000d59e8530) 
thrown [s\src\hotspot\share\prims\jni.cpp, line 520]
Event: 124.241 Thread 0x000002e6ec5c52c0 Exception <a 'sun/nio/fs/WindowsException'{0x00000000d577d808}> (0x00000000d577d808) 
thrown [s\src\hotspot\share\prims\jni.cpp, line 520]
Event: 124.241 Thread 0x000002e6ec5c52c0 Exception <a 'sun/nio/fs/WindowsException'{0x00000000d577df30}> (0x00000000d577df30) 
thrown [s\src\hotspot\share\prims\jni.cpp, line 520]
Event: 124.242 Thread 0x000002e6ec5c52c0 Exception <a 'sun/nio/fs/WindowsException'{0x00000000d577eeb8}> (0x00000000d577eeb8) 
thrown [s\src\hotspot\share\prims\jni.cpp, line 520]
Event: 124.242 Thread 0x000002e6ec5c52c0 Exception <a 'sun/nio/fs/WindowsException'{0x00000000d577f5e0}> (0x00000000d577f5e0) 
thrown [s\src\hotspot\share\prims\jni.cpp, line 520]
Event: 124.243 Thread 0x000002e6ec5c52c0 Exception <a 'sun/nio/fs/WindowsException'{0x00000000d5780ce8}> (0x00000000d5780ce8) 
thrown [s\src\hotspot\share\prims\jni.cpp, line 520]
Event: 124.243 Thread 0x000002e6ec5c52c0 Exception <a 'sun/nio/fs/WindowsException'{0x00000000d57816d0}> (0x00000000d57816d0) 
thrown [s\src\hotspot\share\prims\jni.cpp, line 520]
Event: 127.032 Thread 0x000002e6ec5c3880 Exception <a 'sun/nio/fs/WindowsException'{0x00000000d55da738}> (0x00000000d55da738) 
thrown [s\src\hotspot\share\prims\jni.cpp, line 520]
Event: 127.058 Thread 0x000002e6ec5c3880 Exception <a 'sun/nio/fs/WindowsException'{0x00000000d55dae60}> (0x00000000d55dae60) 
thrown [s\src\hotspot\share\prims\jni.cpp, line 520]
Event: 127.058 Thread 0x000002e6ec5c3880 Exception <a 'sun/nio/fs/WindowsException'{0x00000000d55f0568}> (0x00000000d55f0568) 
thrown [s\src\hotspot\share\prims\jni.cpp, line 520]
Event: 127.058 Thread 0x000002e6ec5c3880 Exception <a 'sun/nio/fs/WindowsException'{0x00000000d55f0c90}> (0x00000000d55f0c90) 
thrown [s\src\hotspot\share\prims\jni.cpp, line 520]
Event: 127.059 Thread 0x000002e6ec5c3880 Exception <a 'sun/nio/fs/WindowsException'{0x00000000d55f2858}> (0x00000000d55f2858) 
thrown [s\src\hotspot\share\prims\jni.cpp, line 520]
Event: 127.059 Thread 0x000002e6ec5c3880 Exception <a 'sun/nio/fs/WindowsException'{0x00000000d55f2f80}> (0x00000000d55f2f80) 
thrown [s\src\hotspot\share\prims\jni.cpp, line 520]
Event: 130.099 Thread 0x000002e6edc03080 Exception <a 'sun/nio/fs/WindowsException'{0x00000000d58a0fd0}> (0x00000000d58a0fd0) 
thrown [s\src\hotspot\share\prims\jni.cpp, line 520]
Event: 130.099 Thread 0x000002e6edc03080 Exception <a 'sun/nio/fs/WindowsException'{0x00000000d58a16f8}> (0x00000000d58a16f8) 
thrown [s\src\hotspot\share\prims\jni.cpp, line 520]
Event: 130.100 Thread 0x000002e6edc03080 Exception <a 'sun/nio/fs/WindowsException'{0x00000000d58a2440}> (0x00000000d58a2440) 
thrown [s\src\hotspot\share\prims\jni.cpp, line 520]
Event: 130.100 Thread 0x000002e6edc03080 Exception <a 'sun/nio/fs/WindowsException'{0x00000000d58a2b68}> (0x00000000d58a2b68) 
thrown [s\src\hotspot\share\prims\jni.cpp, line 520]
Event: 130.100 Thread 0x000002e6edc03080 Exception <a 'sun/nio/fs/WindowsException'{0x00000000d58c8180}> (0x00000000d58c8180) 
thrown [s\src\hotspot\share\prims\jni.cpp, line 520]
Event: 130.101 Thread 0x000002e6edc03080 Exception <a 'sun/nio/fs/WindowsException'{0x00000000d58c88a8}> (0x00000000d58c88a8) 
thrown [s\src\hotspot\share\prims\jni.cpp, line 520]

ZGC Phase Switch (0 events):
No events

VM Operations (20 events):
Event: 124.680 Executing safepoint VM operation: ParallelGCFailedAllocation (Allocation Failure)
Event: 125.212 Executing safepoint VM operation: ParallelGCFailedAllocation (Allocation Failure) done
Event: 125.426 Executing safepoint VM operation: ParallelGCFailedAllocation (Allocation Failure)
Event: 125.924 Executing safepoint VM operation: ParallelGCFailedAllocation (Allocation Failure) done
Event: 126.025 Executing safepoint VM operation: ParallelGCFailedAllocation (Allocation Failure)
Event: 126.964 Executing safepoint VM operation: ParallelGCFailedAllocation (Allocation Failure) done
Event: 127.004 Executing safepoint VM operation: ParallelGCFailedAllocation (Allocation Failure)
Event: 127.005 Executing safepoint VM operation: ParallelGCFailedAllocation (Allocation Failure) done
Event: 127.479 Executing safepoint VM operation: ParallelGCFailedAllocation (Allocation Failure)
Event: 127.889 Executing safepoint VM operation: ParallelGCFailedAllocation (Allocation Failure) done
Event: 127.913 Executing safepoint VM operation: ParallelGCFailedAllocation (Allocation Failure)
Event: 128.492 Executing safepoint VM operation: ParallelGCFailedAllocation (Allocation Failure) done
Event: 129.223 Executing safepoint VM operation: ParallelGCFailedAllocation (Allocation Failure)
Event: 130.046 Executing safepoint VM operation: ParallelGCFailedAllocation (Allocation Failure) done
Event: 130.074 Executing safepoint VM operation: ParallelGCFailedAllocation (Allocation Failure)
Event: 130.076 Executing safepoint VM operation: ParallelGCFailedAllocation (Allocation Failure) done
Event: 130.101 Executing safepoint VM operation: ParallelGCFailedAllocation (Allocation Failure)
Event: 130.866 Executing safepoint VM operation: ParallelGCFailedAllocation (Allocation Failure) done
Event: 130.917 Executing safepoint VM operation: ParallelGCFailedAllocation (Allocation Failure)
Event: 130.920 Executing safepoint VM operation: ParallelGCFailedAllocation (Allocation Failure) done

Memory protections (0 events):
No events

Nmethod flushes (20 events):
Event: 77.334 Thread 0x000002e68c28bbd0 flushing  nmethod 0x000002e68fc9f790
Event: 77.334 Thread 0x000002e68c28bbd0 flushing  nmethod 0x000002e68fca0710
Event: 77.334 Thread 0x000002e68c28bbd0 flushing  nmethod 0x000002e68fcb5410
Event: 77.334 Thread 0x000002e68c28bbd0 flushing  nmethod 0x000002e68fccc590
Event: 77.334 Thread 0x000002e68c28bbd0 flushing  nmethod 0x000002e68fcecd10
Event: 77.334 Thread 0x000002e68c28bbd0 flushing  nmethod 0x000002e68fcf8590
Event: 77.334 Thread 0x000002e68c28bbd0 flushing  nmethod 0x000002e68fd06690
Event: 77.334 Thread 0x000002e68c28bbd0 flushing  nmethod 0x000002e68fd07b10
Event: 77.334 Thread 0x000002e68c28bbd0 flushing  nmethod 0x000002e68fd07e90
Event: 77.334 Thread 0x000002e68c28bbd0 flushing  nmethod 0x000002e68fd0b890
Event: 77.334 Thread 0x000002e68c28bbd0 flushing  nmethod 0x000002e68fd0f090
Event: 77.334 Thread 0x000002e68c28bbd0 flushing  nmethod 0x000002e68fd27710
Event: 77.334 Thread 0x000002e68c28bbd0 flushing  nmethod 0x000002e68fd37c90
Event: 77.334 Thread 0x000002e68c28bbd0 flushing  nmethod 0x000002e68fd3f090
Event: 77.334 Thread 0x000002e68c28bbd0 flushing  nmethod 0x000002e68fd7d510
Event: 77.334 Thread 0x000002e68c28bbd0 flushing  nmethod 0x000002e68fd7db10
Event: 77.334 Thread 0x000002e68c28bbd0 flushing  nmethod 0x000002e68fd7e210
Event: 77.334 Thread 0x000002e68c28bbd0 flushing  nmethod 0x000002e68fd7ea90
Event: 77.334 Thread 0x000002e68c28bbd0 flushing  nmethod 0x000002e68fd7ee10
Event: 77.334 Thread 0x000002e68c28bbd0 flushing  nmethod 0x000002e68fd86310

Events (20 events):
Event: 126.967 Thread 0x000002e6edc03710 Thread exited: 0x000002e6edc03710
Event: 127.071 Thread 0x000002e6ec5c3880 Thread added: 0x000002e6edc092f0
Event: 127.111 Thread 0x000002e6edc06b90 Thread added: 0x000002e6edc03710
Event: 127.907 Thread 0x000002e6ed392a90 Thread added: 0x000002e6edc057e0
Event: 127.911 Thread 0x000002e6ed392a90 Thread added: 0x000002e6edc09980
Event: 128.495 Thread 0x000002e6edc03710 Thread added: 0x000002e6edc029f0
Event: 128.495 Thread 0x000002e6edc03710 Thread added: 0x000002e6edc0a010
Event: 128.503 Thread 0x000002e6ed392a90 Thread added: 0x000002e6edc0a6a0
Event: 128.505 Thread 0x000002e6ed392a90 Thread added: 0x000002e6edc05150
Event: 128.505 Thread 0x000002e6edc092f0 Thread added: 0x000002e6edc0ad30
Event: 128.539 Thread 0x000002e6edc092f0 Thread added: 0x000002e6edc0b3c0
Event: 129.162 Thread 0x000002e6edc029f0 Thread exited: 0x000002e6edc029f0
Event: 129.200 Thread 0x000002e6edc0b3c0 Thread added: 0x000002e6edc029f0
Event: 129.200 Thread 0x000002e6edc0b3c0 Thread added: 0x000002e6edc04430
Event: 130.048 Thread 0x000002e6edc029f0 Thread exited: 0x000002e6edc029f0
Event: 130.066 Thread 0x000002e6edc05150 Thread exited: 0x000002e6edc05150
Event: 130.078 Thread 0x000002e6ed392a90 Thread added: 0x000002e6edc05150
Event: 130.913 Thread 0x000002e6edc09980 Thread exited: 0x000002e6edc09980
Event: 130.915 Thread 0x000002e6edc0a010 Thread exited: 0x000002e6edc0a010
Event: 130.915 Thread 0x000002e6edc03710 Thread exited: 0x000002e6edc03710


Dynamic libraries:
0x00007ff6c3d40000 - 0x00007ff6c3d4e000 	c:\Users\sampa\.vscode\extensions\redhat.java-1.56.0-win32-x64\jre\21.0.12.1-win32-x86_64\bin\java.exe
0x00007ffa1d970000 - 0x00007ffa1db68000 	C:\WINDOWS\SYSTEM32\ntdll.dll
0x00007ffa1c7e0000 - 0x00007ffa1c8a2000 	C:\WINDOWS\System32\KERNEL32.DLL
0x00007ffa1b370000 - 0x00007ffa1b666000 	C:\WINDOWS\System32\KERNELBASE.dll
0x00007ffa16630000 - 0x00007ffa166c4000 	C:\WINDOWS\SYSTEM32\apphelp.dll
0x00007ffa1b670000 - 0x00007ffa1b770000 	C:\WINDOWS\System32\ucrtbase.dll
0x00007ffa0d670000 - 0x00007ffa0d688000 	c:\Users\sampa\.vscode\extensions\redhat.java-1.56.0-win32-x64\jre\21.0.12.1-win32-x86_64\bin\jli.dll
0x00007ffa1b990000 - 0x00007ffa1bb31000 	C:\WINDOWS\System32\USER32.dll
0x00007ffa1b930000 - 0x00007ffa1b952000 	C:\WINDOWS\System32\win32u.dll
0x00007ffa1c640000 - 0x00007ffa1c66b000 	C:\WINDOWS\System32\GDI32.dll
0x00007ffa1b770000 - 0x00007ffa1b889000 	C:\WINDOWS\System32\gdi32full.dll
0x00007ffa1b890000 - 0x00007ffa1b92d000 	C:\WINDOWS\System32\msvcp_win.dll
0x00007ffa03e20000 - 0x00007ffa03e3e000 	c:\Users\sampa\.vscode\extensions\redhat.java-1.56.0-win32-x64\jre\21.0.12.1-win32-x86_64\bin\VCRUNTIME140.dll
0x00007ffa0b410000 - 0x00007ffa0b6ab000 	C:\WINDOWS\WinSxS\amd64_microsoft.windows.common-controls_6595b64144ccf1df_6.0.19041.6456_none_60b8a6cb71f64256\COMCTL32.dll
0x00007ffa1c690000 - 0x00007ffa1c72e000 	C:\WINDOWS\System32\msvcrt.dll
0x00007ffa1c080000 - 0x00007ffa1c0af000 	C:\WINDOWS\System32\IMM32.DLL
0x00007ffa0db80000 - 0x00007ffa0db8c000 	c:\Users\sampa\.vscode\extensions\redhat.java-1.56.0-win32-x64\jre\21.0.12.1-win32-x86_64\bin\vcruntime140_1.dll
0x00007ff9fc840000 - 0x00007ff9fc8cd000 	c:\Users\sampa\.vscode\extensions\redhat.java-1.56.0-win32-x64\jre\21.0.12.1-win32-x86_64\bin\msvcp140.dll
0x00007ff9e70c0000 - 0x00007ff9e7e62000 	c:\Users\sampa\.vscode\extensions\redhat.java-1.56.0-win32-x64\jre\21.0.12.1-win32-x86_64\bin\server\jvm.dll
0x00007ffa1ca00000 - 0x00007ffa1cab1000 	C:\WINDOWS\System32\ADVAPI32.dll
0x00007ffa1d710000 - 0x00007ffa1d7af000 	C:\WINDOWS\System32\sechost.dll
0x00007ffa1d590000 - 0x00007ffa1d6b0000 	C:\WINDOWS\System32\RPCRT4.dll
0x00007ffa1b960000 - 0x00007ffa1b987000 	C:\WINDOWS\System32\bcrypt.dll
0x00007ffa1c980000 - 0x00007ffa1c9eb000 	C:\WINDOWS\System32\WS2_32.dll
0x00007ffa1a590000 - 0x00007ffa1a5db000 	C:\WINDOWS\SYSTEM32\POWRPROF.dll
0x00007ffa0c1a0000 - 0x00007ffa0c1c7000 	C:\WINDOWS\SYSTEM32\WINMM.dll
0x00007ffa0ac70000 - 0x00007ffa0ac7a000 	C:\WINDOWS\SYSTEM32\VERSION.dll
0x00007ffa1a400000 - 0x00007ffa1a412000 	C:\WINDOWS\SYSTEM32\UMPDC.dll
0x00007ffa19050000 - 0x00007ffa19062000 	C:\WINDOWS\SYSTEM32\kernel.appcore.dll
0x00007ffa0d410000 - 0x00007ffa0d41a000 	c:\Users\sampa\.vscode\extensions\redhat.java-1.56.0-win32-x64\jre\21.0.12.1-win32-x86_64\bin\jimage.dll
0x00007ffa18660000 - 0x00007ffa18861000 	C:\WINDOWS\SYSTEM32\DBGHELP.DLL
0x00007ffa07360000 - 0x00007ffa07394000 	C:\WINDOWS\SYSTEM32\dbgcore.DLL
0x00007ffa1b290000 - 0x00007ffa1b312000 	C:\WINDOWS\System32\bcryptPrimitives.dll
0x00007ffa0c2f0000 - 0x00007ffa0c2ff000 	c:\Users\sampa\.vscode\extensions\redhat.java-1.56.0-win32-x64\jre\21.0.12.1-win32-x86_64\bin\instrument.dll
0x00007ffa03d30000 - 0x00007ffa03d50000 	c:\Users\sampa\.vscode\extensions\redhat.java-1.56.0-win32-x64\jre\21.0.12.1-win32-x86_64\bin\java.dll
0x00007ffa1ce20000 - 0x00007ffa1d590000 	C:\WINDOWS\System32\SHELL32.dll
0x00007ffa19070000 - 0x00007ffa19815000 	C:\WINDOWS\SYSTEM32\windows.storage.dll
0x00007ffa1cac0000 - 0x00007ffa1ce14000 	C:\WINDOWS\System32\combase.dll
0x00007ffa1aa30000 - 0x00007ffa1aa5b000 	C:\WINDOWS\SYSTEM32\Wldp.dll
0x00007ffa1c8b0000 - 0x00007ffa1c97d000 	C:\WINDOWS\System32\OLEAUT32.dll
0x00007ffa1c730000 - 0x00007ffa1c7dd000 	C:\WINDOWS\System32\SHCORE.dll
0x00007ffa1d7b0000 - 0x00007ffa1d80b000 	C:\WINDOWS\System32\shlwapi.dll
0x00007ffa1af30000 - 0x00007ffa1af54000 	C:\WINDOWS\SYSTEM32\profapi.dll
0x00007ffa01a40000 - 0x00007ffa01a58000 	c:\Users\sampa\.vscode\extensions\redhat.java-1.56.0-win32-x64\jre\21.0.12.1-win32-x86_64\bin\zip.dll
0x00007ffa0c9a0000 - 0x00007ffa0c9b0000 	C:\Users\sampa\.vscode\extensions\redhat.java-1.56.0-win32-x64\jre\21.0.12.1-win32-x86_64\bin\net.dll
0x00007ffa11c40000 - 0x00007ffa11d4a000 	C:\WINDOWS\SYSTEM32\WINHTTP.dll
0x00007ffa1a790000 - 0x00007ffa1a7fa000 	C:\WINDOWS\system32\mswsock.dll
0x00007ffa00970000 - 0x00007ffa00986000 	C:\Users\sampa\.vscode\extensions\redhat.java-1.56.0-win32-x64\jre\21.0.12.1-win32-x86_64\bin\nio.dll
0x00007ffa0be00000 - 0x00007ffa0be10000 	c:\Users\sampa\.vscode\extensions\redhat.java-1.56.0-win32-x64\jre\21.0.12.1-win32-x86_64\bin\verify.dll
0x00007ff9f7920000 - 0x00007ff9f7965000 	C:\Users\sampa\AppData\Roaming\Code\User\globalStorage\redhat.java\1.56.0\config_win\org.eclipse.equinox.launcher\org.eclipse.equinox.launcher.win32.win32.x86_64_1.3.100.v20260804-1928\eclipse_11924.dll
0x00007ffa1c190000 - 0x00007ffa1c2bb000 	C:\WINDOWS\System32\ole32.dll
0x00007ffa1a980000 - 0x00007ffa1a998000 	C:\WINDOWS\SYSTEM32\CRYPTSP.dll
0x00007ffa1a040000 - 0x00007ffa1a078000 	C:\WINDOWS\system32\rsaenh.dll
0x00007ffa1aeb0000 - 0x00007ffa1aede000 	C:\WINDOWS\SYSTEM32\USERENV.dll
0x00007ffa1a9a0000 - 0x00007ffa1a9ac000 	C:\WINDOWS\SYSTEM32\CRYPTBASE.dll
0x00007ffa1a420000 - 0x00007ffa1a45b000 	C:\WINDOWS\SYSTEM32\IPHLPAPI.DLL
0x00007ffa1c400000 - 0x00007ffa1c408000 	C:\WINDOWS\System32\NSI.dll
0x00007ff9fdcb0000 - 0x00007ff9fdcf9000 	C:\Users\sampa\AppData\Local\Temp\jna-109202960\jna7901284359959575906.dll
0x00007ffa1c9f0000 - 0x00007ffa1c9f8000 	C:\WINDOWS\System32\PSAPI.DLL
0x00007ffa12360000 - 0x00007ffa12377000 	C:\WINDOWS\SYSTEM32\dhcpcsvc6.DLL
0x00007ffa12700000 - 0x00007ffa1271d000 	C:\WINDOWS\SYSTEM32\dhcpcsvc.DLL
0x00007ff9fc760000 - 0x00007ff9fc787000 	C:\Users\sampa\.gradle\native\660c5614fbf4a5f2a75b1949f50a0caf5cd603558e7d8a26e50b933a0cfb79d1\windows-amd64\native-platform.dll
0x00007ffa0b720000 - 0x00007ffa0b72a000 	C:\Users\sampa\.vscode\extensions\redhat.java-1.56.0-win32-x64\jre\21.0.12.1-win32-x86_64\bin\management.dll
0x00007ffa0a630000 - 0x00007ffa0a63c000 	C:\Users\sampa\.vscode\extensions\redhat.java-1.56.0-win32-x64\jre\21.0.12.1-win32-x86_64\bin\management_ext.dll
0x00007ffa093b0000 - 0x00007ffa093b9000 	C:\Users\sampa\.vscode\extensions\redhat.java-1.56.0-win32-x64\jre\21.0.12.1-win32-x86_64\bin\extnet.dll
0x00007ffa10530000 - 0x00007ffa1053e000 	C:\Users\sampa\.vscode\extensions\redhat.java-1.56.0-win32-x64\jre\21.0.12.1-win32-x86_64\bin\sunmscapi.dll
0x00007ffa1b0b0000 - 0x00007ffa1b20d000 	C:\WINDOWS\System32\CRYPT32.dll
0x00007ffa1aaa0000 - 0x00007ffa1aac7000 	C:\WINDOWS\SYSTEM32\ncrypt.dll
0x00007ffa1aa60000 - 0x00007ffa1aa9b000 	C:\WINDOWS\SYSTEM32\NTASN1.dll
0x00007ffa010b0000 - 0x00007ffa010b7000 	C:\WINDOWS\system32\wshunix.dll

JVMTI agents:
c:\Users\sampa\.vscode\extensions\redhat.java-1.56.0-win32-x64\lombok\lombok-1.18.39-4050.jar path:c:\Users\sampa\.vscode\extensions\redhat.java-1.56.0-win32-x64\jre\21.0.12.1-win32-x86_64\bin\instrument.dll, loaded, initialized, instrumentlib options:none

dbghelp: loaded successfully - version: 4.0.5 - missing functions: none
symbol engine: initialized successfully - sym options: 0x614 - pdb path: .;c:\Users\sampa\.vscode\extensions\redhat.java-1.56.0-win32-x64\jre\21.0.12.1-win32-x86_64\bin;C:\WINDOWS\SYSTEM32;C:\WINDOWS\WinSxS\amd64_microsoft.windows.common-controls_6595b64144ccf1df_6.0.19041.6456_none_60b8a6cb71f64256;c:\Users\sampa\.vscode\extensions\redhat.java-1.56.0-win32-x64\jre\21.0.12.1-win32-x86_64\bin\server;C:\Users\sampa\AppData\Roaming\Code\User\globalStorage\redhat.java\1.56.0\config_win\org.eclipse.equinox.launcher\org.eclipse.equinox.launcher.win32.win32.x86_64_1.3.100.v20260804-1928;C:\Users\sampa\AppData\Local\Temp\jna-109202960;C:\Users\sampa\.gradle\native\660c5614fbf4a5f2a75b1949f50a0caf5cd603558e7d8a26e50b933a0cfb79d1\windows-amd64

VM Arguments:
jvm_args: --add-modules=ALL-SYSTEM --add-opens=java.base/java.util=ALL-UNNAMED --add-opens=java.base/java.lang=ALL-UNNAMED --add-opens=java.base/sun.nio.fs=ALL-UNNAMED -Declipse.application=org.eclipse.jdt.ls.core.id1 -Dosgi.bundles.defaultStartLevel=4 -Declipse.product=org.eclipse.jdt.ls.core.product -Djava.import.generatesMetadataFilesAtProjectRoot=false -Dm2e.project.cache.size=50 -DDetectVMInstallationsJob.disabled=true -Dfile.encoding=utf8 -XX:+UseParallelGC -XX:GCTimeRatio=4 -XX:AdaptiveSizePolicyWeight=90 -Dsun.zip.disableMemoryMapping=true -Xmx2G -Xms100m -Xlog:disable -javaagent:c:\Users\sampa\.vscode\extensions\redhat.java-1.56.0-win32-x64\lombok\lombok-1.18.39-4050.jar -XX:+HeapDumpOnOutOfMemoryError -XX:HeapDumpPath=c:\Users\sampa\AppData\Roaming\Code\User\workspaceStorage\b45dcb98c3812985cc0ef0cda4b99330\redhat.java -Daether.dependencyCollector.impl=bf 
java_command: c:\Users\sampa\.vscode\extensions\redhat.java-1.56.0-win32-x64\server\plugins\org.eclipse.equinox.launcher_1.8.0.v20260804-1928.jar -configuration c:\Users\sampa\AppData\Roaming\Code\User\globalStorage\redhat.java\1.56.0\config_win -data c:\Users\sampa\AppData\Roaming\Code\User\workspaceStorage\b45dcb98c3812985cc0ef0cda4b99330\redhat.java\jdt_ws --stdio
java_class_path (initial): c:\Users\sampa\.vscode\extensions\redhat.java-1.56.0-win32-x64\server\plugins\org.eclipse.equinox.launcher_1.8.0.v20260804-1928.jar
Launcher Type: SUN_STANDARD

[Global flags]
    uintx AdaptiveSizePolicyWeight                 = 90                                        {product} {command line}
     intx CICompilerCount                          = 3                                         {product} {ergonomic}
    uintx GCTimeRatio                              = 4                                         {product} {command line}
     bool HeapDumpOnOutOfMemoryError               = true                                   {manageable} {command line}
    ccstr HeapDumpPath                             = c:\Users\sampa\AppData\Roaming\Code\User\workspaceStorage\b45dcb98c3812985cc0ef0cda4b99330\redhat.java         {manageable} {command line}
   size_t InitialHeapSize                          = 104857600                                 {product} {command line}
   size_t MaxHeapSize                              = 2147483648                                {product} {command line}
   size_t MaxNewSize                               = 715653120                                 {product} {ergonomic}
   size_t MinHeapDeltaBytes                        = 524288                                    {product} {ergonomic}
   size_t MinHeapSize                              = 104857600                                 {product} {command line}
   size_t NewSize                                  = 34603008                                  {product} {ergonomic}
    uintx NonNMethodCodeHeapSize                   = 5832780                                {pd product} {ergonomic}
    uintx NonProfiledCodeHeapSize                  = 122912730                              {pd product} {ergonomic}
   size_t OldSize                                  = 70254592                                  {product} {ergonomic}
    uintx ProfiledCodeHeapSize                     = 122912730                              {pd product} {ergonomic}
    uintx ReservedCodeCacheSize                    = 251658240                              {pd product} {ergonomic}
     bool SegmentedCodeCache                       = true                                      {product} {ergonomic}
   size_t SoftMaxHeapSize                          = 2147483648                             {manageable} {ergonomic}
     bool UseCompressedOops                        = true                           {product lp64_product} {ergonomic}
     bool UseLargePagesIndividualAllocation        = false                                  {pd product} {ergonomic}
     bool UseParallelGC                            = true                                      {product} {command line}

Logging:
Log output configuration:
 #0: stdout all=off uptime,level,tags foldmultilines=false
 #1: stderr all=off uptime,level,tags foldmultilines=false

Release file:
JAVA_VERSION="21.0.12.1" 
MODULES="java.base java.compiler java.datatransfer java.xml java.prefs java.desktop java.instrument java.logging java.management java.security.sasl java.naming java.rmi java.management.rmi java.net.http java.scripting java.security.jgss java.transaction.xa java.sql java.sql.rowset java.xml.crypto java.se java.smartcardio jdk.accessibility jdk.internal.jvmstat jdk.attach jdk.charsets jdk.internal.opt jdk.zipfs jdk.compiler jdk.crypto.ec jdk.crypto.cryptoki jdk.crypto.mscapi jdk.dynalink jdk.internal.ed jdk.editpad jdk.hotspot.agent jdk.httpserver jdk.internal.le jdk.internal.vm.ci jdk.internal.vm.compiler jdk.internal.vm.compiler.management jdk.jartool jdk.javadoc jdk.jcmd jdk.management jdk.management.agent jdk.jconsole jdk.jdeps jdk.jdwp.agent jdk.jdi jdk.jfr jdk.jshell jdk.jsobject jdk.jstatd jdk.localedata jdk.management.jfr jdk.naming.dns jdk.naming.rmi jdk.net jdk.nio.mapmode jdk.random jdk.sctp jdk.security.auth jdk.security.jgss jdk.unsupported jdk.unsupported.desktop jdk.xml.dom" 

Environment Variables:
JAVA_HOME=C:\Program Files\Eclipse Adoptium\jdk-17.0.20.101-hotspot\
PATH=C:\Program Files\Eclipse Adoptium\jdk-17.0.20.101-hotspot\bin;C:\WINDOWS\system32;C:\WINDOWS;C:\WINDOWS\System32\Wbem;C:\WINDOWS\System32\WindowsPowerShell\v1.0\;C:\WINDOWS\System32\OpenSSH\;C:\Program Files\MySQL\MySQL Server 8.4\bin;C:\Program Files (x86)\Microsoft SQL Server\170\Tools\Binn\;C:\Program Files\Microsoft SQL Server\170\Tools\Binn\;C:\Program Files\Microsoft SQL Server\Client SDK\ODBC\180\Tools\Binn\;C:\Program Files\Microsoft SQL Server\170\DTS\Binn\;C:\Users\sampa\AppData\Local\Microsoft\WindowsApps;C:\Users\sampa\AppData\Local\Programs\Microsoft VS Code\bin
USERNAME=sampa
OS=Windows_NT
PROCESSOR_IDENTIFIER=Intel64 Family 6 Model 61 Stepping 4, GenuineIntel
TMP=C:\Users\sampa\AppData\Local\Temp
TEMP=C:\Users\sampa\AppData\Local\Temp




Periodic native trim disabled

---------------  S Y S T E M  ---------------

OS:
 Windows 10 , 64 bit Build 19041 (10.0.19041.5915)
OS uptime: 5 days 7:59 hours

CPU: total 4 (initial active 4) (2 cores per cpu, 2 threads per core) family 6 model 61 stepping 4 microcode 0x2d, cx8, cmov, fxsr, ht, mmx, 3dnowpref, sse, sse2, sse3, ssse3, sse4.1, sse4.2, popcnt, lzcnt, tsc, tscinvbit, avx, avx2, aes, erms, clmul, bmi1, bmi2, rtm, adx, fma, vzeroupper, clflush, rdtscp, f16c
Processor Information for the first 4 processors :
  Max Mhz: 2295, Current Mhz: 2295, Mhz Limit: 2295

Memory: 4k page, system-wide physical 8080M (75M free)
TotalPageFile size 20946M (AvailPageFile size 0M)
current process WorkingSet (physical memory assigned to process): 334M, peak: 357M
current process commit charge ("private bytes"): 400M, peak: 423M

vm_info: OpenJDK 64-Bit Server VM (21.0.12.1+1-LTS) for windows-amd64 JRE (21.0.12.1+1-LTS), built on 2026-08-18T00:00:00Z by "admin" with MS VC++ 17.12 (VS2022)

END.
